-- phpMyAdmin SQL Dump
-- version 5.2.1
-- https://www.phpmyadmin.net/
--
-- Host: 127.0.0.1
-- Generation Time: Nov 23, 2025 at 11:03 AM
-- Server version: 10.4.32-MariaDB
-- PHP Version: 8.2.12

SET SQL_MODE = "NO_AUTO_VALUE_ON_ZERO";
START TRANSACTION;
SET time_zone = "+00:00";


/*!40101 SET @OLD_CHARACTER_SET_CLIENT=@@CHARACTER_SET_CLIENT */;
/*!40101 SET @OLD_CHARACTER_SET_RESULTS=@@CHARACTER_SET_RESULTS */;
/*!40101 SET @OLD_COLLATION_CONNECTION=@@COLLATION_CONNECTION */;
/*!40101 SET NAMES utf8mb4 */;

--
-- Database: `dorals_db`
--

-- --------------------------------------------------------

--
-- Table structure for table `admin`
--

CREATE TABLE `admin` (
  `admin_id` bigint(20) UNSIGNED NOT NULL,
  `name` varchar(255) NOT NULL,
  `email` varchar(255) NOT NULL,
  `password` varchar(255) NOT NULL,
  `phone` varchar(255) NOT NULL,
  `created_at` timestamp NULL DEFAULT NULL,
  `updated_at` timestamp NULL DEFAULT NULL
) ENGINE=InnoDB DEFAULT CHARSET=utf8mb4 COLLATE=utf8mb4_unicode_ci;

--
-- Dumping data for table `admin`
--

INSERT INTO `admin` (`admin_id`, `name`, `email`, `password`, `phone`, `created_at`, `updated_at`) VALUES
(1, 'Admin User', 'admin@dorals.com', '$2y$12$Kfw9mlz2snreVR.0oK6O5ufoYz3V2.mV4eGDXqJM6QBmiFeSOnAVi', '09123456789', '2025-11-14 23:35:05', '2025-11-14 23:35:05');

-- --------------------------------------------------------

--
-- Table structure for table `appointments`
--

CREATE TABLE `appointments` (
  `appointment_id` bigint(20) UNSIGNED NOT NULL,
  `patient_id` bigint(20) UNSIGNED NOT NULL,
  `scheduled_date` date NOT NULL,
  `status` enum('Pending','Confirmed','Completed','Canceled','No-show') NOT NULL DEFAULT 'Pending',
  `queue_number` int(11) DEFAULT NULL,
  `created_at` timestamp NULL DEFAULT NULL,
  `updated_at` timestamp NULL DEFAULT NULL
) ENGINE=InnoDB DEFAULT CHARSET=utf8mb4 COLLATE=utf8mb4_unicode_ci;

--
-- Dumping data for table `appointments`
--

INSERT INTO `appointments` (`appointment_id`, `patient_id`, `scheduled_date`, `status`, `queue_number`, `created_at`, `updated_at`) VALUES
(1, 1, '2025-11-17', 'Completed', 1, '2025-11-15 14:43:35', '2025-11-16 23:43:16'),
(2, 2, '2025-11-16', 'Completed', 1, '2025-11-15 14:53:37', '2025-11-16 07:16:35'),
(3, 2, '2025-11-17', 'Completed', 2, '2025-11-15 14:54:43', '2025-11-16 23:43:48'),
(4, 1, '2025-11-16', 'Completed', 2, '2025-11-16 07:50:33', '2025-11-16 08:08:46'),
(5, 3, '2025-11-16', 'Completed', 3, '2025-11-16 07:52:58', '2025-11-16 08:08:53'),
(6, 3, '2025-11-17', 'Completed', 3, '2025-11-16 07:55:04', '2025-11-16 23:44:00'),
(7, 4, '2025-11-17', 'Pending', 4, '2025-11-16 08:05:39', '2025-11-16 08:05:39'),
(8, 4, '2025-11-17', 'Pending', 5, '2025-11-16 08:07:52', '2025-11-16 08:07:52'),
(9, 2, '2025-11-17', 'Pending', 6, '2025-11-16 23:42:46', '2025-11-16 23:42:46'),
(10, 16, '2025-09-01', 'Completed', 1, '2025-11-17 23:50:23', '2025-11-17 23:50:23'),
(11, 18, '2025-09-01', 'Completed', 2, '2025-11-17 23:50:23', '2025-11-17 23:50:23'),
(12, 39, '2025-09-01', 'Completed', 3, '2025-11-17 23:50:23', '2025-11-17 23:50:23'),
(13, 35, '2025-09-01', 'Completed', 4, '2025-11-17 23:50:23', '2025-11-17 23:50:23'),
(14, 6, '2025-09-02', 'Completed', 1, '2025-11-17 23:50:23', '2025-11-17 23:50:23'),
(15, 54, '2025-09-02', 'Completed', 2, '2025-11-17 23:50:23', '2025-11-17 23:50:23'),
(16, 40, '2025-09-02', 'Completed', 3, '2025-11-17 23:50:23', '2025-11-17 23:50:23'),
(17, 40, '2025-09-02', 'Canceled', 4, '2025-11-17 23:50:23', '2025-11-17 23:50:23'),
(18, 44, '2025-09-02', 'No-show', 5, '2025-11-17 23:50:23', '2025-11-17 23:50:23'),
(19, 3, '2025-09-02', 'Completed', 6, '2025-11-17 23:50:23', '2025-11-17 23:50:23'),
(20, 31, '2025-09-02', 'Completed', 7, '2025-11-17 23:50:23', '2025-11-17 23:50:23'),
(21, 7, '2025-09-02', 'Completed', 8, '2025-11-17 23:50:23', '2025-11-17 23:50:23'),
(22, 60, '2025-09-03', 'No-show', 1, '2025-11-17 23:50:23', '2025-11-17 23:50:23'),
(23, 24, '2025-09-03', 'Completed', 2, '2025-11-17 23:50:23', '2025-11-17 23:50:23'),
(24, 53, '2025-09-03', 'Canceled', 3, '2025-11-17 23:50:23', '2025-11-17 23:50:23'),
(25, 39, '2025-09-03', 'Canceled', 4, '2025-11-17 23:50:23', '2025-11-17 23:50:23'),
(26, 11, '2025-09-03', 'Completed', 5, '2025-11-17 23:50:23', '2025-11-17 23:50:23'),
(27, 33, '2025-09-03', 'Completed', 6, '2025-11-17 23:50:23', '2025-11-17 23:50:23'),
(28, 7, '2025-09-03', 'Completed', 7, '2025-11-17 23:50:23', '2025-11-17 23:50:23'),
(29, 28, '2025-09-03', 'Completed', 8, '2025-11-17 23:50:23', '2025-11-17 23:50:23'),
(30, 18, '2025-09-04', 'Completed', 1, '2025-11-17 23:50:23', '2025-11-17 23:50:23'),
(31, 15, '2025-09-04', 'Completed', 2, '2025-11-17 23:50:23', '2025-11-17 23:50:23'),
(32, 54, '2025-09-04', 'Completed', 3, '2025-11-17 23:50:23', '2025-11-17 23:50:23'),
(33, 5, '2025-09-04', 'Canceled', 4, '2025-11-17 23:50:23', '2025-11-17 23:50:23'),
(34, 26, '2025-09-04', 'Completed', 5, '2025-11-17 23:50:23', '2025-11-17 23:50:23'),
(35, 3, '2025-09-05', 'Completed', 1, '2025-11-17 23:50:23', '2025-11-17 23:50:23'),
(36, 29, '2025-09-05', 'Completed', 2, '2025-11-17 23:50:23', '2025-11-17 23:50:23'),
(37, 17, '2025-09-05', 'No-show', 3, '2025-11-17 23:50:23', '2025-11-17 23:50:23'),
(38, 35, '2025-09-05', 'No-show', 4, '2025-11-17 23:50:23', '2025-11-17 23:50:23'),
(39, 1, '2025-09-05', 'Completed', 5, '2025-11-17 23:50:23', '2025-11-17 23:50:23'),
(40, 59, '2025-09-05', 'Completed', 6, '2025-11-17 23:50:23', '2025-11-17 23:50:23'),
(41, 17, '2025-09-06', 'Completed', 1, '2025-11-17 23:50:23', '2025-11-17 23:50:23'),
(42, 30, '2025-09-06', 'Completed', 2, '2025-11-17 23:50:23', '2025-11-17 23:50:23'),
(43, 62, '2025-09-06', 'No-show', 3, '2025-11-17 23:50:23', '2025-11-17 23:50:23'),
(44, 20, '2025-09-08', 'Canceled', 1, '2025-11-17 23:50:23', '2025-11-17 23:50:23'),
(45, 37, '2025-09-08', 'Completed', 2, '2025-11-17 23:50:23', '2025-11-17 23:50:23'),
(46, 52, '2025-09-08', 'Completed', 3, '2025-11-17 23:50:23', '2025-11-17 23:50:23'),
(47, 58, '2025-09-08', 'Completed', 4, '2025-11-17 23:50:23', '2025-11-17 23:50:23'),
(48, 58, '2025-09-08', 'Completed', 5, '2025-11-17 23:50:23', '2025-11-17 23:50:23'),
(49, 8, '2025-09-08', 'No-show', 6, '2025-11-17 23:50:23', '2025-11-17 23:50:23'),
(50, 46, '2025-09-08', 'No-show', 7, '2025-11-17 23:50:23', '2025-11-17 23:50:23'),
(51, 3, '2025-09-09', 'Canceled', 1, '2025-11-17 23:50:23', '2025-11-17 23:50:23'),
(52, 58, '2025-09-09', 'Completed', 2, '2025-11-17 23:50:23', '2025-11-17 23:50:23'),
(53, 19, '2025-09-09', 'No-show', 3, '2025-11-17 23:50:23', '2025-11-17 23:50:23'),
(54, 40, '2025-09-09', 'Completed', 4, '2025-11-17 23:50:23', '2025-11-17 23:50:23'),
(55, 60, '2025-09-09', 'Completed', 5, '2025-11-17 23:50:23', '2025-11-17 23:50:23'),
(56, 34, '2025-09-09', 'Completed', 6, '2025-11-17 23:50:23', '2025-11-17 23:50:23'),
(57, 51, '2025-09-09', 'Completed', 7, '2025-11-17 23:50:23', '2025-11-17 23:50:23'),
(58, 6, '2025-09-10', 'Completed', 1, '2025-11-17 23:50:23', '2025-11-17 23:50:23'),
(59, 34, '2025-09-10', 'Completed', 2, '2025-11-17 23:50:23', '2025-11-17 23:50:23'),
(60, 51, '2025-09-10', 'Completed', 3, '2025-11-17 23:50:23', '2025-11-17 23:50:23'),
(61, 43, '2025-09-10', 'Canceled', 4, '2025-11-17 23:50:23', '2025-11-17 23:50:23'),
(62, 28, '2025-09-10', 'Completed', 5, '2025-11-17 23:50:23', '2025-11-17 23:50:23'),
(63, 7, '2025-09-10', 'Completed', 6, '2025-11-17 23:50:23', '2025-11-17 23:50:23'),
(64, 59, '2025-09-10', 'No-show', 7, '2025-11-17 23:50:23', '2025-11-17 23:50:23'),
(65, 34, '2025-09-11', 'Completed', 1, '2025-11-17 23:50:23', '2025-11-17 23:50:23'),
(66, 9, '2025-09-11', 'Completed', 2, '2025-11-17 23:50:23', '2025-11-17 23:50:23'),
(67, 60, '2025-09-11', 'Completed', 3, '2025-11-17 23:50:23', '2025-11-17 23:50:23'),
(68, 36, '2025-09-11', 'Canceled', 4, '2025-11-17 23:50:23', '2025-11-17 23:50:23'),
(69, 23, '2025-09-11', 'Completed', 5, '2025-11-17 23:50:23', '2025-11-17 23:50:23'),
(70, 24, '2025-09-11', 'No-show', 6, '2025-11-17 23:50:23', '2025-11-17 23:50:23'),
(71, 56, '2025-09-11', 'Completed', 7, '2025-11-17 23:50:23', '2025-11-17 23:50:23'),
(72, 47, '2025-09-12', 'Completed', 1, '2025-11-17 23:50:23', '2025-11-17 23:50:23'),
(73, 38, '2025-09-12', 'Completed', 2, '2025-11-17 23:50:23', '2025-11-17 23:50:23'),
(74, 24, '2025-09-12', 'Completed', 3, '2025-11-17 23:50:23', '2025-11-17 23:50:23'),
(75, 12, '2025-09-12', 'Canceled', 4, '2025-11-17 23:50:23', '2025-11-17 23:50:23'),
(76, 46, '2025-09-13', 'Canceled', 1, '2025-11-17 23:50:23', '2025-11-17 23:50:23'),
(77, 22, '2025-09-13', 'Completed', 2, '2025-11-17 23:50:23', '2025-11-17 23:50:23'),
(78, 59, '2025-09-14', 'Completed', 1, '2025-11-17 23:50:23', '2025-11-17 23:50:23'),
(79, 38, '2025-09-14', 'Completed', 2, '2025-11-17 23:50:23', '2025-11-17 23:50:23'),
(80, 39, '2025-09-14', 'Canceled', 3, '2025-11-17 23:50:23', '2025-11-17 23:50:23'),
(81, 51, '2025-09-15', 'Canceled', 1, '2025-11-17 23:50:23', '2025-11-17 23:50:23'),
(82, 22, '2025-09-15', 'Canceled', 2, '2025-11-17 23:50:23', '2025-11-17 23:50:23'),
(83, 53, '2025-09-15', 'Completed', 3, '2025-11-17 23:50:23', '2025-11-17 23:50:23'),
(84, 63, '2025-09-15', 'Completed', 4, '2025-11-17 23:50:23', '2025-11-17 23:50:23'),
(85, 38, '2025-09-15', 'Canceled', 5, '2025-11-17 23:50:23', '2025-11-17 23:50:23'),
(86, 37, '2025-09-15', 'Completed', 6, '2025-11-17 23:50:23', '2025-11-17 23:50:23'),
(87, 51, '2025-09-15', 'Canceled', 7, '2025-11-17 23:50:23', '2025-11-17 23:50:23'),
(88, 48, '2025-09-15', 'Completed', 8, '2025-11-17 23:50:23', '2025-11-17 23:50:23'),
(89, 43, '2025-09-16', 'Completed', 1, '2025-11-17 23:50:23', '2025-11-17 23:50:23'),
(90, 44, '2025-09-16', 'Completed', 2, '2025-11-17 23:50:23', '2025-11-17 23:50:23'),
(91, 52, '2025-09-16', 'Canceled', 3, '2025-11-17 23:50:23', '2025-11-17 23:50:23'),
(92, 34, '2025-09-16', 'Completed', 4, '2025-11-17 23:50:23', '2025-11-17 23:50:23'),
(93, 21, '2025-09-16', 'Completed', 5, '2025-11-17 23:50:23', '2025-11-17 23:50:23'),
(94, 20, '2025-09-16', 'Canceled', 6, '2025-11-17 23:50:23', '2025-11-17 23:50:23'),
(95, 39, '2025-09-17', 'Completed', 1, '2025-11-17 23:50:23', '2025-11-17 23:50:23'),
(96, 15, '2025-09-17', 'No-show', 2, '2025-11-17 23:50:23', '2025-11-17 23:50:23'),
(97, 2, '2025-09-17', 'Completed', 3, '2025-11-17 23:50:23', '2025-11-17 23:50:23'),
(98, 40, '2025-09-17', 'Completed', 4, '2025-11-17 23:50:23', '2025-11-17 23:50:23'),
(99, 7, '2025-09-17', 'Completed', 5, '2025-11-17 23:50:23', '2025-11-17 23:50:23'),
(100, 50, '2025-09-18', 'Completed', 1, '2025-11-17 23:50:23', '2025-11-17 23:50:23'),
(101, 35, '2025-09-18', 'Completed', 2, '2025-11-17 23:50:23', '2025-11-17 23:50:23'),
(102, 52, '2025-09-18', 'Canceled', 3, '2025-11-17 23:50:23', '2025-11-17 23:50:23'),
(103, 58, '2025-09-18', 'Canceled', 4, '2025-11-17 23:50:23', '2025-11-17 23:50:23'),
(104, 8, '2025-09-19', 'Canceled', 1, '2025-11-17 23:50:23', '2025-11-17 23:50:23'),
(105, 23, '2025-09-19', 'Completed', 2, '2025-11-17 23:50:23', '2025-11-17 23:50:23'),
(106, 55, '2025-09-19', 'Completed', 3, '2025-11-17 23:50:23', '2025-11-17 23:50:23'),
(107, 58, '2025-09-19', 'No-show', 4, '2025-11-17 23:50:23', '2025-11-17 23:50:23'),
(108, 20, '2025-09-19', 'Completed', 5, '2025-11-17 23:50:23', '2025-11-17 23:50:23'),
(109, 14, '2025-09-20', 'Completed', 1, '2025-11-17 23:50:23', '2025-11-17 23:50:23'),
(110, 39, '2025-09-20', 'Canceled', 2, '2025-11-17 23:50:23', '2025-11-17 23:50:23'),
(111, 22, '2025-09-20', 'Completed', 3, '2025-11-17 23:50:23', '2025-11-17 23:50:23'),
(112, 32, '2025-09-20', 'No-show', 4, '2025-11-17 23:50:23', '2025-11-17 23:50:23'),
(113, 7, '2025-09-21', 'Completed', 1, '2025-11-17 23:50:23', '2025-11-17 23:50:23'),
(114, 58, '2025-09-21', 'Completed', 2, '2025-11-17 23:50:23', '2025-11-17 23:50:23'),
(115, 11, '2025-09-21', 'Completed', 3, '2025-11-17 23:50:23', '2025-11-17 23:50:23'),
(116, 2, '2025-09-22', 'Completed', 1, '2025-11-17 23:50:23', '2025-11-17 23:50:23'),
(117, 29, '2025-09-22', 'Completed', 2, '2025-11-17 23:50:23', '2025-11-17 23:50:23'),
(118, 64, '2025-09-22', 'Completed', 3, '2025-11-17 23:50:23', '2025-11-17 23:50:23'),
(119, 35, '2025-09-22', 'No-show', 4, '2025-11-17 23:50:23', '2025-11-17 23:50:23'),
(120, 61, '2025-09-22', 'Completed', 5, '2025-11-17 23:50:23', '2025-11-17 23:50:23'),
(121, 22, '2025-09-22', 'Completed', 6, '2025-11-17 23:50:23', '2025-11-17 23:50:23'),
(122, 40, '2025-09-22', 'Completed', 7, '2025-11-17 23:50:23', '2025-11-17 23:50:23'),
(123, 12, '2025-09-23', 'Canceled', 1, '2025-11-17 23:50:23', '2025-11-17 23:50:23'),
(124, 6, '2025-09-23', 'No-show', 2, '2025-11-17 23:50:23', '2025-11-17 23:50:23'),
(125, 55, '2025-09-23', 'Completed', 3, '2025-11-17 23:50:23', '2025-11-17 23:50:23'),
(126, 31, '2025-09-23', 'Completed', 4, '2025-11-17 23:50:23', '2025-11-17 23:50:23'),
(127, 58, '2025-09-23', 'No-show', 5, '2025-11-17 23:50:23', '2025-11-17 23:50:23'),
(128, 23, '2025-09-24', 'Completed', 1, '2025-11-17 23:50:23', '2025-11-17 23:50:23'),
(129, 51, '2025-09-24', 'Completed', 2, '2025-11-17 23:50:23', '2025-11-17 23:50:23'),
(130, 58, '2025-09-24', 'Completed', 3, '2025-11-17 23:50:23', '2025-11-17 23:50:23'),
(131, 23, '2025-09-24', 'No-show', 4, '2025-11-17 23:50:23', '2025-11-17 23:50:23'),
(132, 5, '2025-09-24', 'Completed', 5, '2025-11-17 23:50:23', '2025-11-17 23:50:23'),
(133, 33, '2025-09-24', 'Completed', 6, '2025-11-17 23:50:23', '2025-11-17 23:50:23'),
(134, 37, '2025-09-25', 'Completed', 1, '2025-11-17 23:50:23', '2025-11-17 23:50:23'),
(135, 7, '2025-09-25', 'No-show', 2, '2025-11-17 23:50:23', '2025-11-17 23:50:23'),
(136, 53, '2025-09-25', 'Completed', 3, '2025-11-17 23:50:23', '2025-11-17 23:50:23'),
(137, 9, '2025-09-25', 'Completed', 4, '2025-11-17 23:50:23', '2025-11-17 23:50:23'),
(138, 15, '2025-09-25', 'Canceled', 5, '2025-11-17 23:50:23', '2025-11-17 23:50:23'),
(139, 18, '2025-09-25', 'Completed', 6, '2025-11-17 23:50:23', '2025-11-17 23:50:23'),
(140, 17, '2025-09-25', 'Completed', 7, '2025-11-17 23:50:23', '2025-11-17 23:50:23'),
(141, 23, '2025-09-25', 'Completed', 8, '2025-11-17 23:50:23', '2025-11-17 23:50:23'),
(142, 49, '2025-09-26', 'Completed', 1, '2025-11-17 23:50:23', '2025-11-17 23:50:23'),
(143, 63, '2025-09-26', 'Completed', 2, '2025-11-17 23:50:23', '2025-11-17 23:50:23'),
(144, 45, '2025-09-26', 'Canceled', 3, '2025-11-17 23:50:23', '2025-11-17 23:50:23'),
(145, 49, '2025-09-26', 'Completed', 4, '2025-11-17 23:50:23', '2025-11-17 23:50:23'),
(146, 2, '2025-09-26', 'Completed', 5, '2025-11-17 23:50:23', '2025-11-17 23:50:23'),
(147, 43, '2025-09-26', 'Completed', 6, '2025-11-17 23:50:23', '2025-11-17 23:50:23'),
(148, 7, '2025-09-26', 'No-show', 7, '2025-11-17 23:50:23', '2025-11-17 23:50:23'),
(149, 25, '2025-09-26', 'Canceled', 8, '2025-11-17 23:50:23', '2025-11-17 23:50:23'),
(150, 10, '2025-09-27', 'Completed', 1, '2025-11-17 23:50:23', '2025-11-17 23:50:23'),
(151, 7, '2025-09-27', 'Completed', 2, '2025-11-17 23:50:23', '2025-11-17 23:50:23'),
(152, 11, '2025-09-27', 'No-show', 3, '2025-11-17 23:50:23', '2025-11-17 23:50:23'),
(153, 10, '2025-09-27', 'Canceled', 4, '2025-11-17 23:50:23', '2025-11-17 23:50:23'),
(154, 11, '2025-09-29', 'Completed', 1, '2025-11-17 23:50:23', '2025-11-17 23:50:23'),
(155, 25, '2025-09-29', 'Completed', 2, '2025-11-17 23:50:23', '2025-11-17 23:50:23'),
(156, 48, '2025-09-29', 'Completed', 3, '2025-11-17 23:50:23', '2025-11-17 23:50:23'),
(157, 28, '2025-09-29', 'Completed', 4, '2025-11-17 23:50:23', '2025-11-17 23:50:23'),
(158, 38, '2025-09-29', 'No-show', 5, '2025-11-17 23:50:23', '2025-11-17 23:50:23'),
(159, 30, '2025-09-29', 'Completed', 6, '2025-11-17 23:50:23', '2025-11-17 23:50:23'),
(160, 41, '2025-09-29', 'Completed', 7, '2025-11-17 23:50:23', '2025-11-17 23:50:23'),
(161, 26, '2025-09-30', 'Completed', 1, '2025-11-17 23:50:23', '2025-11-17 23:50:23'),
(162, 58, '2025-09-30', 'Completed', 2, '2025-11-17 23:50:23', '2025-11-17 23:50:23'),
(163, 19, '2025-09-30', 'Completed', 3, '2025-11-17 23:50:23', '2025-11-17 23:50:23'),
(164, 58, '2025-09-30', 'Completed', 4, '2025-11-17 23:50:23', '2025-11-17 23:50:23'),
(165, 23, '2025-09-30', 'Completed', 5, '2025-11-17 23:50:23', '2025-11-17 23:50:23'),
(166, 13, '2025-09-30', 'No-show', 6, '2025-11-17 23:50:23', '2025-11-17 23:50:23'),
(167, 55, '2025-09-30', 'Completed', 7, '2025-11-17 23:50:23', '2025-11-17 23:50:23'),
(168, 57, '2025-10-01', 'Canceled', 1, '2025-11-17 23:50:23', '2025-11-17 23:50:23'),
(169, 35, '2025-10-01', 'Canceled', 2, '2025-11-17 23:50:23', '2025-11-17 23:50:23'),
(170, 57, '2025-10-01', 'Completed', 3, '2025-11-17 23:50:23', '2025-11-17 23:50:23'),
(171, 36, '2025-10-01', 'Completed', 4, '2025-11-17 23:50:23', '2025-11-17 23:50:23'),
(172, 22, '2025-10-01', 'Completed', 5, '2025-11-17 23:50:23', '2025-11-17 23:50:23'),
(173, 40, '2025-10-01', 'Canceled', 6, '2025-11-17 23:50:23', '2025-11-17 23:50:23'),
(174, 58, '2025-10-01', 'No-show', 7, '2025-11-17 23:50:23', '2025-11-17 23:50:23'),
(175, 39, '2025-10-01', 'Completed', 8, '2025-11-17 23:50:23', '2025-11-17 23:50:23'),
(176, 28, '2025-10-02', 'Completed', 1, '2025-11-17 23:50:23', '2025-11-17 23:50:23'),
(177, 61, '2025-10-02', 'Completed', 2, '2025-11-17 23:50:23', '2025-11-17 23:50:23'),
(178, 21, '2025-10-02', 'Completed', 3, '2025-11-17 23:50:23', '2025-11-17 23:50:23'),
(179, 11, '2025-10-02', 'Completed', 4, '2025-11-17 23:50:23', '2025-11-17 23:50:23'),
(180, 54, '2025-10-02', 'Canceled', 5, '2025-11-17 23:50:23', '2025-11-17 23:50:23'),
(181, 28, '2025-10-02', 'Canceled', 6, '2025-11-17 23:50:23', '2025-11-17 23:50:23'),
(182, 44, '2025-10-02', 'Completed', 7, '2025-11-17 23:50:23', '2025-11-17 23:50:23'),
(183, 64, '2025-10-03', 'Completed', 1, '2025-11-17 23:50:23', '2025-11-17 23:50:23'),
(184, 41, '2025-10-03', 'Completed', 2, '2025-11-17 23:50:23', '2025-11-17 23:50:23'),
(185, 45, '2025-10-03', 'Canceled', 3, '2025-11-17 23:50:24', '2025-11-17 23:50:24'),
(186, 64, '2025-10-03', 'Completed', 4, '2025-11-17 23:50:24', '2025-11-17 23:50:24'),
(187, 51, '2025-10-04', 'Canceled', 1, '2025-11-17 23:50:24', '2025-11-17 23:50:24'),
(188, 57, '2025-10-04', 'Completed', 2, '2025-11-17 23:50:24', '2025-11-17 23:50:24'),
(189, 30, '2025-10-05', 'Completed', 1, '2025-11-17 23:50:24', '2025-11-17 23:50:24'),
(190, 63, '2025-10-05', 'Completed', 2, '2025-11-17 23:50:24', '2025-11-17 23:50:24'),
(191, 58, '2025-10-06', 'Completed', 1, '2025-11-17 23:50:24', '2025-11-17 23:50:24'),
(192, 28, '2025-10-06', 'Completed', 2, '2025-11-17 23:50:24', '2025-11-17 23:50:24'),
(193, 37, '2025-10-06', 'Completed', 3, '2025-11-17 23:50:24', '2025-11-17 23:50:24'),
(194, 7, '2025-10-06', 'No-show', 4, '2025-11-17 23:50:24', '2025-11-17 23:50:24'),
(195, 58, '2025-10-07', 'Completed', 1, '2025-11-17 23:50:24', '2025-11-17 23:50:24'),
(196, 16, '2025-10-07', 'Canceled', 2, '2025-11-17 23:50:24', '2025-11-17 23:50:24'),
(197, 62, '2025-10-07', 'No-show', 3, '2025-11-17 23:50:24', '2025-11-17 23:50:24'),
(198, 59, '2025-10-07', 'Completed', 4, '2025-11-17 23:50:24', '2025-11-17 23:50:24'),
(199, 53, '2025-10-07', 'Completed', 5, '2025-11-17 23:50:24', '2025-11-17 23:50:24'),
(200, 11, '2025-10-07', 'Completed', 6, '2025-11-17 23:50:24', '2025-11-17 23:50:24'),
(201, 53, '2025-10-07', 'Canceled', 7, '2025-11-17 23:50:24', '2025-11-17 23:50:24'),
(202, 42, '2025-10-08', 'No-show', 1, '2025-11-17 23:50:24', '2025-11-17 23:50:24'),
(203, 32, '2025-10-08', 'Completed', 2, '2025-11-17 23:50:24', '2025-11-17 23:50:24'),
(204, 34, '2025-10-08', 'Canceled', 3, '2025-11-17 23:50:24', '2025-11-17 23:50:24'),
(205, 48, '2025-10-08', 'Completed', 4, '2025-11-17 23:50:24', '2025-11-17 23:50:24'),
(206, 45, '2025-10-08', 'Completed', 5, '2025-11-17 23:50:24', '2025-11-17 23:50:24'),
(207, 60, '2025-10-08', 'Completed', 6, '2025-11-17 23:50:24', '2025-11-17 23:50:24'),
(208, 57, '2025-10-09', 'Canceled', 1, '2025-11-17 23:50:24', '2025-11-17 23:50:24'),
(209, 11, '2025-10-09', 'Completed', 2, '2025-11-17 23:50:24', '2025-11-17 23:50:24'),
(210, 52, '2025-10-09', 'Completed', 3, '2025-11-17 23:50:24', '2025-11-17 23:50:24'),
(211, 8, '2025-10-09', 'Canceled', 4, '2025-11-17 23:50:24', '2025-11-17 23:50:24'),
(212, 6, '2025-10-09', 'Canceled', 5, '2025-11-17 23:50:24', '2025-11-17 23:50:24'),
(213, 44, '2025-10-09', 'Canceled', 6, '2025-11-17 23:50:24', '2025-11-17 23:50:24'),
(214, 11, '2025-10-09', 'Completed', 7, '2025-11-17 23:50:24', '2025-11-17 23:50:24'),
(215, 17, '2025-10-10', 'Completed', 1, '2025-11-17 23:50:24', '2025-11-17 23:50:24'),
(216, 63, '2025-10-10', 'Canceled', 2, '2025-11-17 23:50:24', '2025-11-17 23:50:24'),
(217, 14, '2025-10-10', 'Completed', 3, '2025-11-17 23:50:24', '2025-11-17 23:50:24'),
(218, 51, '2025-10-10', 'Canceled', 4, '2025-11-17 23:50:24', '2025-11-17 23:50:24'),
(219, 57, '2025-10-10', 'Completed', 5, '2025-11-17 23:50:24', '2025-11-17 23:50:24'),
(220, 48, '2025-10-12', 'No-show', 1, '2025-11-17 23:50:24', '2025-11-17 23:50:24'),
(221, 52, '2025-10-12', 'Completed', 2, '2025-11-17 23:50:24', '2025-11-17 23:50:24'),
(222, 37, '2025-10-12', 'Completed', 3, '2025-11-17 23:50:24', '2025-11-17 23:50:24'),
(223, 57, '2025-10-12', 'Completed', 4, '2025-11-17 23:50:24', '2025-11-17 23:50:24'),
(224, 33, '2025-10-13', 'Completed', 1, '2025-11-17 23:50:24', '2025-11-17 23:50:24'),
(225, 44, '2025-10-13', 'No-show', 2, '2025-11-17 23:50:24', '2025-11-17 23:50:24'),
(226, 52, '2025-10-13', 'Completed', 3, '2025-11-17 23:50:24', '2025-11-17 23:50:24'),
(227, 58, '2025-10-13', 'Completed', 4, '2025-11-17 23:50:24', '2025-11-17 23:50:24'),
(228, 30, '2025-10-13', 'Canceled', 5, '2025-11-17 23:50:24', '2025-11-17 23:50:24'),
(229, 37, '2025-10-14', 'Canceled', 1, '2025-11-17 23:50:24', '2025-11-17 23:50:24'),
(230, 23, '2025-10-14', 'Completed', 2, '2025-11-17 23:50:24', '2025-11-17 23:50:24'),
(231, 12, '2025-10-14', 'Completed', 3, '2025-11-17 23:50:24', '2025-11-17 23:50:24'),
(232, 42, '2025-10-14', 'Canceled', 4, '2025-11-17 23:50:24', '2025-11-17 23:50:24'),
(233, 46, '2025-10-15', 'Canceled', 1, '2025-11-17 23:50:24', '2025-11-17 23:50:24'),
(234, 1, '2025-10-15', 'No-show', 2, '2025-11-17 23:50:24', '2025-11-17 23:50:24'),
(235, 27, '2025-10-15', 'Completed', 3, '2025-11-17 23:50:24', '2025-11-17 23:50:24'),
(236, 55, '2025-10-15', 'Completed', 4, '2025-11-17 23:50:24', '2025-11-17 23:50:24'),
(237, 2, '2025-10-15', 'Completed', 5, '2025-11-17 23:50:24', '2025-11-17 23:50:24'),
(238, 3, '2025-10-16', 'Canceled', 1, '2025-11-17 23:50:24', '2025-11-17 23:50:24'),
(239, 9, '2025-10-16', 'Completed', 2, '2025-11-17 23:50:24', '2025-11-17 23:50:24'),
(240, 8, '2025-10-16', 'Completed', 3, '2025-11-17 23:50:24', '2025-11-17 23:50:24'),
(241, 9, '2025-10-16', 'No-show', 4, '2025-11-17 23:50:24', '2025-11-17 23:50:24'),
(242, 5, '2025-10-16', 'Completed', 5, '2025-11-17 23:50:24', '2025-11-17 23:50:24'),
(243, 30, '2025-10-17', 'Completed', 1, '2025-11-17 23:50:24', '2025-11-17 23:50:24'),
(244, 34, '2025-10-17', 'Completed', 2, '2025-11-17 23:50:24', '2025-11-17 23:50:24'),
(245, 49, '2025-10-17', 'Completed', 3, '2025-11-17 23:50:24', '2025-11-17 23:50:24'),
(246, 12, '2025-10-17', 'Completed', 4, '2025-11-17 23:50:24', '2025-11-17 23:50:24'),
(247, 26, '2025-10-17', 'Completed', 5, '2025-11-17 23:50:24', '2025-11-17 23:50:24'),
(248, 27, '2025-10-17', 'Canceled', 6, '2025-11-17 23:50:24', '2025-11-17 23:50:24'),
(249, 1, '2025-10-17', 'Canceled', 7, '2025-11-17 23:50:24', '2025-11-17 23:50:24'),
(250, 40, '2025-10-17', 'No-show', 8, '2025-11-17 23:50:24', '2025-11-17 23:50:24'),
(251, 56, '2025-10-18', 'Completed', 1, '2025-11-17 23:50:24', '2025-11-17 23:50:24'),
(252, 13, '2025-10-18', 'Canceled', 2, '2025-11-17 23:50:24', '2025-11-17 23:50:24'),
(253, 43, '2025-10-20', 'Completed', 1, '2025-11-17 23:50:24', '2025-11-17 23:50:24'),
(254, 58, '2025-10-20', 'Completed', 2, '2025-11-17 23:50:24', '2025-11-17 23:50:24'),
(255, 23, '2025-10-20', 'Completed', 3, '2025-11-17 23:50:24', '2025-11-17 23:50:24'),
(256, 11, '2025-10-20', 'No-show', 4, '2025-11-17 23:50:24', '2025-11-17 23:50:24'),
(257, 22, '2025-10-21', 'Canceled', 1, '2025-11-17 23:50:24', '2025-11-17 23:50:24'),
(258, 42, '2025-10-21', 'Completed', 2, '2025-11-17 23:50:24', '2025-11-17 23:50:24'),
(259, 6, '2025-10-21', 'Completed', 3, '2025-11-17 23:50:24', '2025-11-17 23:50:24'),
(260, 30, '2025-10-21', 'Completed', 4, '2025-11-17 23:50:24', '2025-11-17 23:50:24'),
(261, 15, '2025-10-21', 'Canceled', 5, '2025-11-17 23:50:24', '2025-11-17 23:50:24'),
(262, 20, '2025-10-22', 'Completed', 1, '2025-11-17 23:50:24', '2025-11-17 23:50:24'),
(263, 61, '2025-10-22', 'Completed', 2, '2025-11-17 23:50:24', '2025-11-17 23:50:24'),
(264, 32, '2025-10-22', 'Completed', 3, '2025-11-17 23:50:24', '2025-11-17 23:50:24'),
(265, 43, '2025-10-22', 'No-show', 4, '2025-11-17 23:50:24', '2025-11-17 23:50:24'),
(266, 56, '2025-10-22', 'Completed', 5, '2025-11-17 23:50:24', '2025-11-17 23:50:24'),
(267, 37, '2025-10-23', 'Canceled', 1, '2025-11-17 23:50:24', '2025-11-17 23:50:24'),
(268, 12, '2025-10-23', 'Canceled', 2, '2025-11-17 23:50:24', '2025-11-17 23:50:24'),
(269, 16, '2025-10-23', 'Completed', 3, '2025-11-17 23:50:24', '2025-11-17 23:50:24'),
(270, 38, '2025-10-23', 'Canceled', 4, '2025-11-17 23:50:24', '2025-11-17 23:50:24'),
(271, 20, '2025-10-23', 'Completed', 5, '2025-11-17 23:50:24', '2025-11-17 23:50:24'),
(272, 26, '2025-10-23', 'Completed', 6, '2025-11-17 23:50:24', '2025-11-17 23:50:24'),
(273, 57, '2025-10-23', 'Completed', 7, '2025-11-17 23:50:24', '2025-11-17 23:50:24'),
(274, 56, '2025-10-23', 'Completed', 8, '2025-11-17 23:50:24', '2025-11-17 23:50:24'),
(275, 18, '2025-10-25', 'Completed', 1, '2025-11-17 23:50:24', '2025-11-17 23:50:24'),
(276, 46, '2025-10-25', 'Canceled', 2, '2025-11-17 23:50:24', '2025-11-17 23:50:24'),
(277, 28, '2025-10-27', 'Completed', 1, '2025-11-17 23:50:24', '2025-11-17 23:50:24'),
(278, 42, '2025-10-27', 'Completed', 2, '2025-11-17 23:50:24', '2025-11-17 23:50:24'),
(279, 19, '2025-10-27', 'Completed', 3, '2025-11-17 23:50:24', '2025-11-17 23:50:24'),
(280, 31, '2025-10-27', 'Completed', 4, '2025-11-17 23:50:24', '2025-11-17 23:50:24'),
(281, 45, '2025-10-27', 'Completed', 5, '2025-11-17 23:50:24', '2025-11-17 23:50:24'),
(282, 26, '2025-10-27', 'Completed', 6, '2025-11-17 23:50:24', '2025-11-17 23:50:24'),
(283, 26, '2025-10-28', 'Completed', 1, '2025-11-17 23:50:24', '2025-11-17 23:50:24'),
(284, 51, '2025-10-28', 'Completed', 2, '2025-11-17 23:50:24', '2025-11-17 23:50:24'),
(285, 25, '2025-10-28', 'Completed', 3, '2025-11-17 23:50:24', '2025-11-17 23:50:24'),
(286, 44, '2025-10-28', 'Completed', 4, '2025-11-17 23:50:24', '2025-11-17 23:50:24'),
(287, 57, '2025-10-29', 'Completed', 1, '2025-11-17 23:50:24', '2025-11-17 23:50:24'),
(288, 11, '2025-10-29', 'Canceled', 2, '2025-11-17 23:50:24', '2025-11-17 23:50:24'),
(289, 22, '2025-10-29', 'Completed', 3, '2025-11-17 23:50:24', '2025-11-17 23:50:24'),
(290, 8, '2025-10-29', 'Completed', 4, '2025-11-17 23:50:24', '2025-11-17 23:50:24'),
(291, 62, '2025-10-30', 'Canceled', 1, '2025-11-17 23:50:24', '2025-11-17 23:50:24'),
(292, 13, '2025-10-30', 'Completed', 2, '2025-11-17 23:50:24', '2025-11-17 23:50:24'),
(293, 39, '2025-10-30', 'Completed', 3, '2025-11-17 23:50:24', '2025-11-17 23:50:24'),
(294, 23, '2025-10-30', 'Completed', 4, '2025-11-17 23:50:24', '2025-11-17 23:50:24'),
(295, 1, '2025-10-30', 'Completed', 5, '2025-11-17 23:50:24', '2025-11-17 23:50:24'),
(296, 6, '2025-10-30', 'Completed', 6, '2025-11-17 23:50:24', '2025-11-17 23:50:24'),
(297, 43, '2025-11-01', 'Completed', 1, '2025-11-17 23:50:24', '2025-11-17 23:50:24'),
(298, 51, '2025-11-01', 'Completed', 2, '2025-11-17 23:50:24', '2025-11-17 23:50:24'),
(299, 8, '2025-11-01', 'Completed', 3, '2025-11-17 23:50:24', '2025-11-17 23:50:24'),
(300, 31, '2025-11-02', 'Completed', 1, '2025-11-17 23:50:24', '2025-11-17 23:50:24'),
(301, 29, '2025-11-02', 'Completed', 2, '2025-11-17 23:50:24', '2025-11-17 23:50:24'),
(302, 59, '2025-11-03', 'Canceled', 1, '2025-11-17 23:50:24', '2025-11-17 23:50:24'),
(303, 45, '2025-11-03', 'Completed', 2, '2025-11-17 23:50:24', '2025-11-17 23:50:24'),
(304, 32, '2025-11-03', 'Completed', 3, '2025-11-17 23:50:24', '2025-11-17 23:50:24'),
(305, 39, '2025-11-03', 'Completed', 4, '2025-11-17 23:50:24', '2025-11-17 23:50:24'),
(306, 20, '2025-11-03', 'Canceled', 5, '2025-11-17 23:50:24', '2025-11-17 23:50:24'),
(307, 24, '2025-11-03', 'Canceled', 6, '2025-11-17 23:50:24', '2025-11-17 23:50:24'),
(308, 4, '2025-11-03', 'Completed', 7, '2025-11-17 23:50:24', '2025-11-17 23:50:24'),
(309, 39, '2025-11-03', 'Completed', 8, '2025-11-17 23:50:24', '2025-11-17 23:50:24'),
(310, 3, '2025-11-04', 'Canceled', 1, '2025-11-17 23:50:24', '2025-11-17 23:50:24'),
(311, 3, '2025-11-04', 'Completed', 2, '2025-11-17 23:50:24', '2025-11-17 23:50:24'),
(312, 58, '2025-11-04', 'No-show', 3, '2025-11-17 23:50:24', '2025-11-17 23:50:24'),
(313, 15, '2025-11-04', 'Completed', 4, '2025-11-17 23:50:24', '2025-11-17 23:50:24'),
(314, 62, '2025-11-04', 'Completed', 5, '2025-11-17 23:50:24', '2025-11-17 23:50:24'),
(315, 29, '2025-11-04', 'Completed', 6, '2025-11-17 23:50:24', '2025-11-17 23:50:24'),
(316, 24, '2025-11-04', 'No-show', 7, '2025-11-17 23:50:24', '2025-11-17 23:50:24'),
(317, 63, '2025-11-05', 'No-show', 1, '2025-11-17 23:50:24', '2025-11-17 23:50:24'),
(318, 43, '2025-11-05', 'No-show', 2, '2025-11-17 23:50:24', '2025-11-17 23:50:24'),
(319, 59, '2025-11-05', 'Completed', 3, '2025-11-17 23:50:24', '2025-11-17 23:50:24'),
(320, 16, '2025-11-05', 'Completed', 4, '2025-11-17 23:50:24', '2025-11-17 23:50:24'),
(321, 18, '2025-11-06', 'Completed', 1, '2025-11-17 23:50:24', '2025-11-17 23:50:24'),
(322, 25, '2025-11-06', 'Completed', 2, '2025-11-17 23:50:24', '2025-11-17 23:50:24'),
(323, 16, '2025-11-06', 'Completed', 3, '2025-11-17 23:50:24', '2025-11-17 23:50:24'),
(324, 7, '2025-11-06', 'Completed', 4, '2025-11-17 23:50:24', '2025-11-17 23:50:24'),
(325, 21, '2025-11-06', 'Completed', 5, '2025-11-17 23:50:24', '2025-11-17 23:50:24'),
(326, 25, '2025-11-07', 'Canceled', 1, '2025-11-17 23:50:24', '2025-11-17 23:50:24'),
(327, 51, '2025-11-07', 'Completed', 2, '2025-11-17 23:50:24', '2025-11-17 23:50:24'),
(328, 34, '2025-11-07', 'Completed', 3, '2025-11-17 23:50:24', '2025-11-17 23:50:24'),
(329, 33, '2025-11-07', 'Canceled', 4, '2025-11-17 23:50:24', '2025-11-17 23:50:24'),
(330, 12, '2025-11-08', 'Completed', 1, '2025-11-17 23:50:24', '2025-11-17 23:50:24'),
(331, 3, '2025-11-08', 'Completed', 2, '2025-11-17 23:50:24', '2025-11-17 23:50:24'),
(332, 30, '2025-11-08', 'Completed', 3, '2025-11-17 23:50:24', '2025-11-17 23:50:24'),
(333, 16, '2025-11-08', 'Completed', 4, '2025-11-17 23:50:24', '2025-11-17 23:50:24'),
(334, 17, '2025-11-09', 'Canceled', 1, '2025-11-17 23:50:24', '2025-11-17 23:50:24'),
(335, 56, '2025-11-09', 'No-show', 2, '2025-11-17 23:50:24', '2025-11-17 23:50:24'),
(336, 13, '2025-11-09', 'Canceled', 3, '2025-11-17 23:50:24', '2025-11-17 23:50:24'),
(337, 11, '2025-11-09', 'Completed', 4, '2025-11-17 23:50:24', '2025-11-17 23:50:24'),
(338, 1, '2025-11-10', 'Completed', 1, '2025-11-17 23:50:24', '2025-11-17 23:50:24'),
(339, 3, '2025-11-10', 'Canceled', 2, '2025-11-17 23:50:24', '2025-11-17 23:50:24'),
(340, 2, '2025-11-10', 'Completed', 3, '2025-11-17 23:50:24', '2025-11-17 23:50:24'),
(341, 59, '2025-11-10', 'Completed', 4, '2025-11-17 23:50:24', '2025-11-17 23:50:24'),
(342, 15, '2025-11-11', 'Completed', 1, '2025-11-17 23:50:24', '2025-11-17 23:50:24'),
(343, 35, '2025-11-11', 'Completed', 2, '2025-11-17 23:50:24', '2025-11-17 23:50:24'),
(344, 42, '2025-11-11', 'Canceled', 3, '2025-11-17 23:50:24', '2025-11-17 23:50:24'),
(345, 63, '2025-11-11', 'Canceled', 4, '2025-11-17 23:50:24', '2025-11-17 23:50:24'),
(346, 22, '2025-11-12', 'Completed', 1, '2025-11-17 23:50:24', '2025-11-17 23:50:24'),
(347, 33, '2025-11-12', 'No-show', 2, '2025-11-17 23:50:24', '2025-11-17 23:50:24'),
(348, 33, '2025-11-12', 'Completed', 3, '2025-11-17 23:50:24', '2025-11-17 23:50:24'),
(349, 46, '2025-11-12', 'Completed', 4, '2025-11-17 23:50:24', '2025-11-17 23:50:24'),
(350, 2, '2025-11-12', 'Completed', 5, '2025-11-17 23:50:24', '2025-11-17 23:50:24'),
(351, 32, '2025-11-13', 'Completed', 1, '2025-11-17 23:50:24', '2025-11-17 23:50:24'),
(352, 18, '2025-11-13', 'No-show', 2, '2025-11-17 23:50:24', '2025-11-17 23:50:24'),
(353, 10, '2025-11-13', 'Canceled', 3, '2025-11-17 23:50:24', '2025-11-17 23:50:24'),
(354, 40, '2025-11-13', 'Completed', 4, '2025-11-17 23:50:24', '2025-11-17 23:50:24'),
(355, 53, '2025-11-13', 'Completed', 5, '2025-11-17 23:50:24', '2025-11-17 23:50:24'),
(356, 6, '2025-11-13', 'No-show', 6, '2025-11-17 23:50:24', '2025-11-17 23:50:24'),
(357, 50, '2025-11-14', 'Completed', 1, '2025-11-17 23:50:24', '2025-11-17 23:50:24'),
(358, 24, '2025-11-14', 'No-show', 2, '2025-11-17 23:50:24', '2025-11-17 23:50:24'),
(359, 40, '2025-11-14', 'Completed', 3, '2025-11-17 23:50:24', '2025-11-17 23:50:24'),
(360, 20, '2025-11-14', 'Completed', 4, '2025-11-17 23:50:24', '2025-11-17 23:50:24'),
(361, 55, '2025-11-14', 'Completed', 5, '2025-11-17 23:50:24', '2025-11-17 23:50:24'),
(362, 51, '2025-11-14', 'Completed', 6, '2025-11-17 23:50:24', '2025-11-17 23:50:24'),
(363, 36, '2025-11-14', 'Canceled', 7, '2025-11-17 23:50:24', '2025-11-17 23:50:24'),
(364, 45, '2025-11-14', 'Completed', 8, '2025-11-17 23:50:24', '2025-11-17 23:50:24'),
(365, 35, '2025-11-15', 'Completed', 1, '2025-11-17 23:50:24', '2025-11-17 23:50:24'),
(366, 51, '2025-11-15', 'Completed', 2, '2025-11-17 23:50:24', '2025-11-17 23:50:24'),
(367, 8, '2025-11-15', 'No-show', 3, '2025-11-17 23:50:24', '2025-11-17 23:50:24'),
(368, 33, '2025-11-16', 'Completed', 1, '2025-11-17 23:50:24', '2025-11-17 23:50:24'),
(369, 1, '2025-11-16', 'Completed', 2, '2025-11-17 23:50:24', '2025-11-17 23:50:24'),
(370, 10, '2025-11-16', 'Completed', 3, '2025-11-17 23:50:24', '2025-11-17 23:50:24'),
(371, 1, '2025-11-16', 'No-show', 4, '2025-11-17 23:50:24', '2025-11-17 23:50:24'),
(372, 62, '2025-11-17', 'No-show', 1, '2025-11-17 23:50:24', '2025-11-17 23:50:24'),
(373, 47, '2025-11-17', 'Completed', 2, '2025-11-17 23:50:24', '2025-11-17 23:50:24'),
(374, 43, '2025-11-17', 'Completed', 3, '2025-11-17 23:50:24', '2025-11-17 23:50:24'),
(375, 38, '2025-11-17', 'Completed', 4, '2025-11-17 23:50:24', '2025-11-17 23:50:24'),
(376, 7, '2025-11-18', 'Completed', 1, '2025-11-17 23:50:24', '2025-11-17 23:52:52'),
(377, 20, '2025-11-18', 'Completed', 2, '2025-11-17 23:50:24', '2025-11-17 23:50:24'),
(378, 2, '2025-11-18', 'Confirmed', 3, '2025-11-17 23:50:24', '2025-11-17 23:50:24'),
(379, 2, '2025-11-18', 'Completed', 4, '2025-11-17 23:50:24', '2025-11-17 23:50:24'),
(380, 22, '2025-11-18', 'Pending', 5, '2025-11-17 23:50:24', '2025-11-17 23:50:24'),
(381, 13, '2025-11-18', 'Confirmed', 6, '2025-11-17 23:50:24', '2025-11-17 23:50:24'),
(382, 7, '2025-11-18', 'Pending', 7, '2025-11-17 23:50:24', '2025-11-17 23:50:24'),
(383, 44, '2025-11-19', 'Pending', 1, '2025-11-17 23:50:24', '2025-11-17 23:50:24'),
(384, 29, '2025-11-19', 'Pending', 2, '2025-11-17 23:50:24', '2025-11-17 23:50:24'),
(385, 57, '2025-11-19', 'Pending', 3, '2025-11-17 23:50:24', '2025-11-17 23:50:24'),
(386, 22, '2025-11-19', 'Pending', 4, '2025-11-17 23:50:24', '2025-11-17 23:50:24'),
(387, 39, '2025-11-19', 'Pending', 5, '2025-11-17 23:50:24', '2025-11-17 23:50:24'),
(388, 37, '2025-11-19', 'Pending', 6, '2025-11-17 23:50:24', '2025-11-17 23:50:24'),
(389, 53, '2025-11-19', 'Pending', 7, '2025-11-17 23:50:24', '2025-11-17 23:50:24'),
(390, 51, '2025-11-19', 'Pending', 8, '2025-11-17 23:50:24', '2025-11-17 23:50:24'),
(391, 14, '2025-11-20', 'Pending', 1, '2025-11-17 23:50:24', '2025-11-17 23:50:24'),
(392, 30, '2025-11-20', 'Pending', 2, '2025-11-17 23:50:24', '2025-11-17 23:50:24'),
(393, 63, '2025-11-20', 'Pending', 3, '2025-11-17 23:50:24', '2025-11-17 23:50:24'),
(394, 18, '2025-11-20', 'Pending', 4, '2025-11-17 23:50:24', '2025-11-17 23:50:24'),
(395, 8, '2025-11-20', 'Pending', 5, '2025-11-17 23:50:24', '2025-11-17 23:50:24'),
(396, 3, '2025-11-20', 'Pending', 6, '2025-11-17 23:50:24', '2025-11-17 23:50:24'),
(397, 58, '2025-11-20', 'Pending', 7, '2025-11-17 23:50:24', '2025-11-17 23:50:24'),
(398, 2, '2025-11-21', 'Pending', 1, '2025-11-17 23:50:24', '2025-11-17 23:50:24'),
(399, 63, '2025-11-21', 'Pending', 2, '2025-11-17 23:50:24', '2025-11-17 23:50:24'),
(400, 21, '2025-11-21', 'Pending', 3, '2025-11-17 23:50:24', '2025-11-17 23:50:24'),
(401, 33, '2025-11-21', 'Pending', 4, '2025-11-17 23:50:24', '2025-11-17 23:50:24'),
(402, 36, '2025-11-22', 'Pending', 1, '2025-11-17 23:50:24', '2025-11-17 23:50:24'),
(403, 19, '2025-11-22', 'Pending', 2, '2025-11-17 23:50:24', '2025-11-17 23:50:24'),
(404, 6, '2025-11-23', 'Pending', 1, '2025-11-17 23:50:24', '2025-11-17 23:50:24'),
(405, 17, '2025-11-23', 'Pending', 2, '2025-11-17 23:50:24', '2025-11-17 23:50:24'),
(406, 56, '2025-11-23', 'Pending', 3, '2025-11-17 23:50:24', '2025-11-17 23:50:24'),
(407, 43, '2025-11-23', 'Pending', 4, '2025-11-17 23:50:24', '2025-11-17 23:50:24'),
(408, 10, '2025-11-24', 'Pending', 1, '2025-11-17 23:50:24', '2025-11-17 23:50:24'),
(409, 54, '2025-11-24', 'Pending', 2, '2025-11-17 23:50:24', '2025-11-17 23:50:24'),
(410, 32, '2025-11-24', 'Pending', 3, '2025-11-17 23:50:24', '2025-11-17 23:50:24'),
(411, 13, '2025-11-24', 'Pending', 4, '2025-11-17 23:50:24', '2025-11-17 23:50:24'),
(412, 43, '2025-11-25', 'Pending', 1, '2025-11-17 23:50:24', '2025-11-17 23:50:24'),
(413, 29, '2025-11-25', 'Pending', 2, '2025-11-17 23:50:24', '2025-11-17 23:50:24'),
(414, 12, '2025-11-25', 'Pending', 3, '2025-11-17 23:50:24', '2025-11-17 23:50:24'),
(415, 28, '2025-11-25', 'Pending', 4, '2025-11-17 23:50:24', '2025-11-17 23:50:24'),
(416, 5, '2025-11-25', 'Pending', 5, '2025-11-17 23:50:24', '2025-11-17 23:50:24'),
(417, 1, '2025-11-25', 'Pending', 6, '2025-11-17 23:50:24', '2025-11-17 23:50:24'),
(418, 38, '2025-11-25', 'Pending', 7, '2025-11-17 23:50:24', '2025-11-17 23:50:24'),
(419, 31, '2025-11-25', 'Pending', 8, '2025-11-17 23:50:24', '2025-11-17 23:50:24'),
(420, 65, '2025-11-18', 'Pending', 8, '2025-11-18 06:37:24', '2025-11-18 06:37:24'),
(421, 66, '2025-11-18', 'Pending', 9, '2025-11-18 07:16:47', '2025-11-18 07:16:47'),
(422, 66, '2025-11-18', 'Pending', 10, '2025-11-18 07:16:59', '2025-11-18 07:16:59'),
(423, 66, '2025-11-18', 'Pending', 11, '2025-11-18 07:19:07', '2025-11-18 07:19:07'),
(424, 2, '2025-11-18', 'Pending', 12, '2025-11-18 08:06:09', '2025-11-18 08:06:09'),
(425, 2, '2025-11-21', 'Pending', 5, '2025-11-20 06:50:04', '2025-11-20 06:50:04'),
(426, 69, '2025-11-20', 'Pending', 8, '2025-11-20 07:29:11', '2025-11-20 07:29:11'),
(427, 69, '2025-11-20', 'Pending', 9, '2025-11-20 07:33:44', '2025-11-20 07:33:44'),
(428, 69, '2025-11-20', 'Pending', 10, '2025-11-20 08:06:50', '2025-11-20 08:06:50'),
(429, 2, '2025-11-25', 'Pending', 9, '2025-11-20 08:42:13', '2025-11-20 08:42:13');

-- --------------------------------------------------------

--
-- Table structure for table `appointment_services`
--

CREATE TABLE `appointment_services` (
  `appointment_id` bigint(20) UNSIGNED NOT NULL,
  `service_id` bigint(20) UNSIGNED NOT NULL
) ENGINE=InnoDB DEFAULT CHARSET=utf8mb4 COLLATE=utf8mb4_unicode_ci;

--
-- Dumping data for table `appointment_services`
--

INSERT INTO `appointment_services` (`appointment_id`, `service_id`) VALUES
(1, 8),
(2, 2),
(3, 8),
(4, 8),
(5, 3),
(6, 10),
(7, 9),
(8, 5),
(9, 2),
(9, 10),
(10, 5),
(10, 8),
(11, 3),
(11, 6),
(12, 3),
(12, 11),
(13, 1),
(13, 3),
(13, 8),
(14, 3),
(14, 10),
(15, 2),
(15, 7),
(16, 3),
(16, 11),
(17, 2),
(18, 8),
(18, 9),
(18, 10),
(19, 8),
(19, 10),
(20, 5),
(21, 10),
(22, 4),
(22, 5),
(22, 6),
(23, 2),
(23, 6),
(24, 1),
(24, 10),
(25, 2),
(25, 5),
(25, 11),
(26, 6),
(27, 2),
(27, 10),
(27, 11),
(28, 4),
(28, 8),
(28, 10),
(29, 5),
(29, 6),
(30, 6),
(31, 6),
(31, 7),
(31, 10),
(32, 4),
(33, 7),
(34, 5),
(34, 9),
(34, 11),
(35, 11),
(36, 11),
(37, 6),
(38, 8),
(38, 9),
(39, 2),
(40, 3),
(40, 8),
(40, 9),
(41, 9),
(41, 11),
(42, 5),
(42, 7),
(42, 11),
(43, 1),
(43, 4),
(44, 2),
(44, 3),
(44, 8),
(45, 1),
(46, 6),
(47, 4),
(47, 9),
(48, 9),
(49, 3),
(49, 9),
(49, 10),
(50, 6),
(50, 9),
(50, 10),
(51, 7),
(51, 8),
(52, 3),
(52, 4),
(53, 8),
(54, 1),
(54, 2),
(54, 7),
(55, 1),
(55, 11),
(56, 4),
(56, 5),
(56, 11),
(57, 4),
(57, 9),
(57, 11),
(58, 1),
(58, 9),
(58, 10),
(59, 8),
(60, 8),
(60, 11),
(61, 6),
(61, 9),
(62, 9),
(63, 6),
(63, 7),
(64, 3),
(64, 5),
(64, 8),
(65, 11),
(66, 2),
(66, 6),
(66, 11),
(67, 4),
(67, 6),
(67, 10),
(68, 9),
(69, 5),
(69, 7),
(69, 11),
(70, 4),
(70, 5),
(70, 8),
(71, 4),
(72, 1),
(72, 4),
(73, 6),
(73, 9),
(74, 6),
(75, 3),
(75, 8),
(76, 6),
(76, 7),
(76, 9),
(77, 5),
(77, 8),
(78, 7),
(78, 8),
(78, 9),
(79, 4),
(79, 6),
(80, 4),
(80, 5),
(80, 8),
(81, 9),
(82, 4),
(82, 7),
(82, 9),
(83, 2),
(83, 3),
(83, 10),
(84, 2),
(84, 4),
(85, 1),
(85, 11),
(86, 2),
(87, 1),
(87, 3),
(87, 10),
(88, 4),
(88, 5),
(89, 3),
(89, 8),
(90, 6),
(90, 11),
(91, 2),
(91, 3),
(91, 7),
(92, 1),
(92, 7),
(92, 10),
(93, 7),
(93, 8),
(94, 10),
(95, 11),
(96, 3),
(96, 4),
(96, 8),
(97, 6),
(98, 1),
(98, 9),
(99, 4),
(99, 5),
(100, 8),
(100, 11),
(101, 2),
(101, 7),
(102, 5),
(102, 7),
(103, 6),
(103, 7),
(104, 4),
(104, 5),
(104, 11),
(105, 3),
(105, 8),
(106, 1),
(106, 7),
(106, 10),
(107, 10),
(108, 2),
(108, 11),
(109, 2),
(110, 9),
(111, 2),
(112, 1),
(112, 10),
(113, 1),
(113, 7),
(113, 8),
(114, 3),
(114, 7),
(114, 9),
(115, 1),
(115, 2),
(115, 11),
(116, 3),
(116, 9),
(116, 10),
(117, 5),
(118, 2),
(118, 7),
(119, 5),
(119, 8),
(120, 5),
(120, 7),
(121, 9),
(122, 3),
(123, 5),
(123, 7),
(123, 9),
(124, 10),
(125, 10),
(126, 1),
(127, 7),
(127, 10),
(127, 11),
(128, 3),
(128, 7),
(128, 8),
(129, 3),
(129, 7),
(130, 3),
(131, 11),
(132, 3),
(132, 8),
(133, 6),
(134, 3),
(135, 4),
(135, 5),
(136, 1),
(136, 11),
(137, 2),
(138, 3),
(138, 7),
(138, 8),
(139, 2),
(139, 7),
(139, 10),
(140, 10),
(141, 7),
(141, 10),
(142, 1),
(142, 7),
(142, 9),
(143, 2),
(143, 5),
(143, 9),
(144, 5),
(144, 7),
(145, 2),
(146, 9),
(146, 11),
(147, 2),
(147, 5),
(147, 8),
(148, 7),
(149, 6),
(149, 7),
(149, 11),
(150, 1),
(151, 2),
(152, 4),
(152, 8),
(152, 9),
(153, 2),
(153, 4),
(153, 8),
(154, 1),
(154, 4),
(155, 4),
(155, 5),
(155, 10),
(156, 8),
(157, 5),
(158, 2),
(158, 5),
(158, 10),
(159, 1),
(159, 9),
(160, 9),
(161, 9),
(162, 2),
(162, 11),
(163, 3),
(163, 6),
(163, 9),
(164, 4),
(164, 7),
(165, 3),
(165, 6),
(165, 11),
(166, 2),
(166, 5),
(166, 11),
(167, 10),
(168, 2),
(168, 6),
(168, 9),
(169, 5),
(170, 2),
(171, 3),
(171, 10),
(171, 11),
(172, 3),
(173, 2),
(174, 11),
(175, 5),
(175, 8),
(176, 1),
(176, 5),
(176, 6),
(177, 9),
(178, 1),
(178, 3),
(178, 10),
(179, 4),
(180, 7),
(181, 3),
(182, 7),
(182, 9),
(183, 4),
(183, 8),
(184, 4),
(184, 6),
(184, 10),
(185, 4),
(185, 6),
(185, 7),
(186, 1),
(186, 7),
(187, 2),
(188, 4),
(188, 6),
(188, 9),
(189, 4),
(189, 6),
(189, 10),
(190, 6),
(190, 9),
(191, 2),
(191, 3),
(192, 6),
(192, 10),
(193, 4),
(193, 8),
(193, 10),
(194, 9),
(194, 11),
(195, 3),
(195, 5),
(195, 10),
(196, 2),
(196, 10),
(196, 11),
(197, 2),
(198, 2),
(198, 10),
(199, 2),
(199, 7),
(199, 9),
(200, 2),
(200, 3),
(200, 5),
(201, 9),
(202, 4),
(202, 10),
(203, 8),
(203, 9),
(204, 3),
(204, 7),
(204, 8),
(205, 7),
(206, 6),
(206, 11),
(207, 6),
(207, 7),
(208, 1),
(208, 3),
(208, 6),
(209, 2),
(209, 7),
(210, 6),
(210, 10),
(211, 3),
(211, 6),
(211, 8),
(212, 1),
(213, 3),
(214, 7),
(214, 8),
(214, 11),
(215, 11),
(216, 5),
(217, 11),
(218, 4),
(219, 10),
(220, 1),
(220, 2),
(220, 8),
(221, 6),
(222, 7),
(222, 10),
(222, 11),
(223, 2),
(223, 4),
(224, 1),
(224, 7),
(224, 10),
(225, 1),
(225, 11),
(226, 5),
(226, 11),
(227, 1),
(227, 10),
(228, 10),
(228, 11),
(229, 2),
(229, 5),
(229, 10),
(230, 1),
(231, 1),
(232, 10),
(233, 7),
(233, 11),
(234, 5),
(235, 3),
(236, 10),
(237, 11),
(238, 1),
(238, 3),
(238, 5),
(239, 4),
(240, 11),
(241, 6),
(242, 1),
(242, 7),
(242, 9),
(243, 1),
(243, 6),
(243, 9),
(244, 10),
(244, 11),
(245, 3),
(246, 5),
(247, 10),
(248, 3),
(249, 6),
(249, 7),
(250, 2),
(250, 4),
(251, 1),
(251, 10),
(252, 10),
(253, 5),
(253, 9),
(254, 8),
(255, 3),
(256, 1),
(256, 2),
(256, 11),
(257, 3),
(258, 8),
(258, 11),
(259, 4),
(259, 7),
(260, 1),
(260, 10),
(261, 3),
(262, 2),
(262, 5),
(262, 6),
(263, 1),
(263, 6),
(263, 9),
(264, 1),
(264, 5),
(265, 1),
(266, 7),
(267, 10),
(268, 8),
(269, 4),
(269, 11),
(270, 9),
(271, 1),
(271, 3),
(271, 10),
(272, 5),
(272, 10),
(273, 4),
(273, 5),
(273, 11),
(274, 1),
(274, 8),
(275, 9),
(276, 4),
(276, 5),
(276, 7),
(277, 2),
(278, 2),
(278, 10),
(279, 5),
(279, 11),
(280, 1),
(280, 10),
(281, 8),
(281, 10),
(282, 11),
(283, 1),
(283, 6),
(283, 10),
(284, 3),
(284, 4),
(284, 8),
(285, 2),
(285, 3),
(285, 4),
(286, 7),
(286, 9),
(286, 10),
(287, 7),
(288, 3),
(288, 4),
(288, 7),
(289, 4),
(289, 8),
(289, 11),
(290, 2),
(291, 7),
(292, 4),
(293, 1),
(293, 3),
(293, 4),
(294, 10),
(295, 6),
(295, 11),
(296, 8),
(296, 11),
(297, 6),
(297, 9),
(298, 7),
(299, 7),
(300, 4),
(300, 5),
(300, 7),
(301, 4),
(302, 9),
(303, 2),
(303, 8),
(304, 2),
(304, 9),
(304, 11),
(305, 5),
(305, 6),
(306, 7),
(306, 8),
(307, 5),
(307, 10),
(307, 11),
(308, 8),
(309, 7),
(310, 4),
(310, 7),
(311, 1),
(312, 5),
(312, 9),
(313, 2),
(313, 4),
(313, 9),
(314, 8),
(315, 2),
(315, 4),
(315, 5),
(316, 9),
(316, 11),
(317, 4),
(317, 10),
(318, 5),
(318, 6),
(319, 3),
(319, 4),
(320, 8),
(321, 1),
(321, 5),
(321, 10),
(322, 6),
(322, 8),
(322, 9),
(323, 1),
(324, 2),
(325, 7),
(325, 8),
(326, 4),
(326, 7),
(327, 2),
(327, 5),
(327, 7),
(328, 11),
(329, 2),
(329, 5),
(330, 6),
(331, 2),
(331, 7),
(332, 10),
(333, 6),
(333, 7),
(334, 2),
(335, 1),
(335, 6),
(336, 2),
(336, 8),
(337, 5),
(337, 6),
(338, 9),
(339, 7),
(340, 3),
(340, 7),
(340, 8),
(341, 7),
(341, 8),
(341, 10),
(342, 5),
(342, 6),
(342, 7),
(343, 2),
(343, 3),
(343, 8),
(344, 7),
(344, 9),
(345, 3),
(345, 11),
(346, 6),
(346, 9),
(346, 10),
(347, 3),
(347, 8),
(347, 9),
(348, 3),
(349, 1),
(349, 5),
(349, 7),
(350, 9),
(351, 2),
(351, 9),
(351, 10),
(352, 4),
(352, 9),
(353, 4),
(353, 6),
(354, 3),
(354, 11),
(355, 11),
(356, 1),
(356, 3),
(357, 6),
(358, 1),
(358, 7),
(358, 9),
(359, 6),
(360, 2),
(360, 3),
(360, 9),
(361, 2),
(361, 4),
(362, 2),
(362, 8),
(362, 9),
(363, 2),
(363, 9),
(363, 11),
(364, 3),
(364, 7),
(364, 9),
(365, 3),
(365, 7),
(366, 1),
(366, 11),
(367, 5),
(367, 9),
(367, 10),
(368, 5),
(369, 1),
(370, 4),
(370, 6),
(371, 6),
(372, 8),
(373, 2),
(373, 6),
(373, 10),
(374, 8),
(374, 10),
(375, 6),
(375, 9),
(376, 2),
(376, 6),
(376, 7),
(377, 2),
(377, 5),
(378, 2),
(379, 4),
(379, 9),
(379, 11),
(380, 5),
(380, 8),
(380, 10),
(381, 1),
(381, 6),
(381, 10),
(382, 10),
(383, 4),
(383, 5),
(383, 6),
(384, 9),
(385, 1),
(385, 3),
(386, 7),
(387, 2),
(387, 4),
(387, 9),
(388, 6),
(388, 8),
(389, 6),
(389, 11),
(390, 6),
(390, 11),
(391, 2),
(391, 3),
(392, 1),
(392, 9),
(393, 3),
(393, 9),
(394, 4),
(395, 2),
(395, 9),
(396, 5),
(396, 8),
(396, 11),
(397, 3),
(397, 5),
(397, 7),
(398, 7),
(399, 8),
(400, 2),
(400, 6),
(401, 3),
(401, 5),
(401, 7),
(402, 4),
(403, 9),
(404, 1),
(404, 3),
(404, 4),
(405, 2),
(405, 6),
(405, 10),
(406, 1),
(407, 2),
(407, 4),
(408, 2),
(408, 3),
(409, 3),
(409, 7),
(409, 11),
(410, 3),
(410, 5),
(410, 6),
(411, 6),
(411, 10),
(411, 11),
(412, 5),
(412, 7),
(412, 9),
(413, 1),
(413, 3),
(414, 4),
(414, 8),
(415, 2),
(416, 1),
(416, 5),
(416, 6),
(417, 4),
(417, 5),
(418, 6),
(419, 7),
(419, 11),
(420, 2),
(421, 2),
(422, 2),
(423, 6),
(424, 10),
(425, 8),
(426, 4),
(426, 10),
(427, 8),
(428, 2),
(429, 8);

-- --------------------------------------------------------

--
-- Table structure for table `audit_log`
--

CREATE TABLE `audit_log` (
  `log_id` bigint(20) UNSIGNED NOT NULL,
  `user_id` bigint(20) UNSIGNED NOT NULL,
  `action` varchar(255) NOT NULL,
  `log_date` date NOT NULL,
  `log_time` time NOT NULL
) ENGINE=InnoDB DEFAULT CHARSET=utf8mb4 COLLATE=utf8mb4_unicode_ci;

--
-- Dumping data for table `audit_log`
--

INSERT INTO `audit_log` (`log_id`, `user_id`, `action`, `log_date`, `log_time`) VALUES
(1, 1, 'Admin logged in', '2025-11-15', '07:35:35'),
(2, 1, 'Patient registered', '2025-11-15', '08:00:29'),
(3, 1, 'Patient logged in', '2025-11-15', '22:42:36'),
(4, 1, 'Appointment created: #1', '2025-11-15', '22:43:35'),
(5, 1, 'Admin logged in', '2025-11-15', '22:44:02'),
(6, 1, 'Admin logged in', '2025-11-15', '22:50:52'),
(7, 2, 'Patient registered', '2025-11-15', '22:52:02'),
(8, 2, 'Appointment created: #2', '2025-11-15', '22:53:37'),
(9, 2, 'Appointment created: #3', '2025-11-15', '22:54:43'),
(10, 1, 'Admin logged in', '2025-11-15', '22:54:58'),
(11, 1, 'Admin logged in', '2025-11-15', '23:10:53'),
(12, 2, 'Patient logged in', '2025-11-15', '23:14:59'),
(13, 1, 'Admin logged in', '2025-11-15', '23:15:33'),
(14, 1, 'Admin logged in', '2025-11-16', '15:16:03'),
(15, 2, 'Appointment updated: #2', '2025-11-16', '15:16:35'),
(16, 2, 'Appointment updated: #2', '2025-11-16', '15:16:44'),
(17, 1, 'Admin logged in', '2025-11-16', '15:19:33'),
(18, 2, 'Patient logged in', '2025-11-16', '15:36:57'),
(19, 1, 'Patient logged in', '2025-11-16', '15:49:55'),
(20, 1, 'Appointment created: #4', '2025-11-16', '15:50:33'),
(21, 3, 'Patient registered', '2025-11-16', '15:52:30'),
(22, 3, 'Appointment created: #5', '2025-11-16', '15:52:58'),
(23, 1, 'Called patient #1 - Queue #2', '2025-11-16', '15:53:32'),
(24, 3, 'Appointment created: #6', '2025-11-16', '15:55:04'),
(25, 2, 'Patient logged in', '2025-11-16', '15:59:01'),
(26, 1, 'Patient logged in', '2025-11-16', '15:59:23'),
(27, 4, 'Patient registered', '2025-11-16', '16:05:09'),
(28, 4, 'Appointment created: #7', '2025-11-16', '16:05:39'),
(29, 4, 'Appointment created: #8', '2025-11-16', '16:07:52'),
(30, 1, 'Appointment updated: #4', '2025-11-16', '16:08:46'),
(31, 3, 'Appointment updated: #5', '2025-11-16', '16:08:53'),
(32, 1, 'Admin logged in', '2025-11-16', '16:09:06'),
(33, 1, 'Admin logged in', '2025-11-16', '16:11:13'),
(34, 1, 'Admin logged in', '2025-11-16', '21:20:14'),
(35, 1, 'Admin logged in', '2025-11-16', '23:10:12'),
(36, 2, 'Patient logged in', '2025-11-16', '23:11:39'),
(37, 1, 'Called patient #1 - Queue #1', '2025-11-17', '07:23:14'),
(38, 1, 'Called patient #1 - Queue #1', '2025-11-17', '07:23:29'),
(39, 2, 'Appointment created: #9', '2025-11-17', '07:42:46'),
(40, 1, 'Called patient #1 - Queue #1', '2025-11-17', '07:43:11'),
(41, 1, 'Appointment updated: #1', '2025-11-17', '07:43:16'),
(42, 1, 'Called patient #2 - Queue #2', '2025-11-17', '07:43:22'),
(43, 2, 'Appointment updated: #3', '2025-11-17', '07:43:48'),
(44, 1, 'Called patient #3 - Queue #3', '2025-11-17', '07:43:54'),
(45, 3, 'Appointment updated: #6', '2025-11-17', '07:44:00'),
(46, 1, 'Admin logged in', '2025-11-17', '10:51:40'),
(47, 2, 'Patient logged in', '2025-11-17', '11:29:51'),
(48, 1, 'Patient logged in', '2025-11-17', '11:37:34'),
(49, 1, 'Admin logged in', '2025-11-17', '11:59:22'),
(50, 1, 'Admin logged in', '2025-11-18', '07:52:28'),
(51, 7, 'Appointment updated: #376', '2025-11-18', '07:52:52'),
(52, 1, 'Called patient #2 - Queue #3', '2025-11-18', '09:18:32'),
(53, 1, 'Admin logged in', '2025-11-18', '13:14:54'),
(54, 1, 'Admin logged in', '2025-11-18', '13:21:24'),
(55, 1, 'Admin logged in', '2025-11-18', '13:25:58'),
(56, 2, 'Patient logged in', '2025-11-18', '13:27:02'),
(57, 2, 'Patient logged in', '2025-11-18', '13:27:25'),
(58, 1, 'Admin logged in', '2025-11-18', '13:28:51'),
(59, 1, 'Admin logged in', '2025-11-18', '14:16:43'),
(60, 65, 'Patient registered', '2025-11-18', '14:37:07'),
(61, 65, 'Appointment created: #420', '2025-11-18', '14:37:24'),
(62, 66, 'Patient registered', '2025-11-18', '15:16:31'),
(63, 66, 'Appointment created: #421', '2025-11-18', '15:16:47'),
(64, 66, 'Appointment created: #422', '2025-11-18', '15:16:59'),
(65, 66, 'Appointment created: #423', '2025-11-18', '15:19:07'),
(66, 2, 'Patient logged in', '2025-11-18', '15:27:11'),
(67, 1, 'Admin logged in', '2025-11-18', '15:28:21'),
(68, 1, 'Admin logged in', '2025-11-18', '15:49:44'),
(69, 2, 'Patient logged in', '2025-11-18', '16:05:54'),
(70, 2, 'Appointment created: #424', '2025-11-18', '16:06:09'),
(71, 1, 'Admin logged in', '2025-11-19', '13:52:39'),
(72, 1, 'Admin logged in', '2025-11-19', '15:46:47'),
(73, 1, 'Admin logged in', '2025-11-19', '15:51:22'),
(74, 67, 'Patient registered', '2025-11-19', '16:58:33'),
(75, 68, 'Patient registered', '2025-11-19', '17:05:15'),
(76, 2, 'Patient logged in', '2025-11-20', '14:47:43'),
(77, 2, 'Appointment created: #425', '2025-11-20', '14:50:04'),
(78, 69, 'Patient registered', '2025-11-20', '15:05:25'),
(79, 69, 'Patient logged in', '2025-11-20', '15:28:33'),
(80, 69, 'Appointment created: #426', '2025-11-20', '15:29:11'),
(81, 69, 'Patient logged in', '2025-11-20', '15:33:24'),
(82, 69, 'Appointment created: #427', '2025-11-20', '15:33:44'),
(83, 69, 'Patient logged in', '2025-11-20', '16:06:27'),
(84, 69, 'Appointment created: #428', '2025-11-20', '16:06:50'),
(85, 69, 'Patient logged in', '2025-11-20', '16:21:35'),
(86, 2, 'Patient logged in', '2025-11-20', '16:40:22'),
(87, 2, 'Appointment created: #429', '2025-11-20', '16:42:13'),
(88, 2, 'Patient logged in', '2025-11-20', '16:47:41'),
(89, 2, 'Patient logged in', '2025-11-21', '13:38:56');

-- --------------------------------------------------------

--
-- Table structure for table `cache`
--

CREATE TABLE `cache` (
  `key` varchar(255) NOT NULL,
  `value` mediumtext NOT NULL,
  `expiration` int(11) NOT NULL
) ENGINE=InnoDB DEFAULT CHARSET=utf8mb4 COLLATE=utf8mb4_unicode_ci;

--
-- Dumping data for table `cache`
--

INSERT INTO `cache` (`key`, `value`, `expiration`) VALUES
('laravel-cache-dashboard_stats_2025-11-18', 'O:28:\"Illuminate\\Http\\JsonResponse\":11:{s:7:\"headers\";O:50:\"Symfony\\Component\\HttpFoundation\\ResponseHeaderBag\":5:{s:10:\"\0*\0headers\";a:3:{s:13:\"cache-control\";a:1:{i:0;s:17:\"no-cache, private\";}s:4:\"date\";a:1:{i:0;s:29:\"Tue, 18 Nov 2025 08:05:01 GMT\";}s:12:\"content-type\";a:1:{i:0;s:16:\"application/json\";}}s:15:\"\0*\0cacheControl\";a:0:{}s:23:\"\0*\0computedCacheControl\";a:2:{s:8:\"no-cache\";b:1;s:7:\"private\";b:1;}s:10:\"\0*\0cookies\";a:0:{}s:14:\"\0*\0headerNames\";a:3:{s:13:\"cache-control\";s:13:\"Cache-Control\";s:4:\"date\";s:4:\"Date\";s:12:\"content-type\";s:12:\"Content-Type\";}}s:10:\"\0*\0content\";s:137:\"{\"today_queue\":8,\"completed_today\":3,\"pending_today\":6,\"total_patients\":66,\"total_appointments\":423,\"canceled_today\":0,\"no_show_today\":0}\";s:10:\"\0*\0version\";s:3:\"1.0\";s:13:\"\0*\0statusCode\";i:200;s:13:\"\0*\0statusText\";s:2:\"OK\";s:10:\"\0*\0charset\";N;s:7:\"\0*\0data\";s:137:\"{\"today_queue\":8,\"completed_today\":3,\"pending_today\":6,\"total_patients\":66,\"total_appointments\":423,\"canceled_today\":0,\"no_show_today\":0}\";s:11:\"\0*\0callback\";N;s:18:\"\0*\0encodingOptions\";i:0;s:8:\"original\";a:7:{s:11:\"today_queue\";i:8;s:15:\"completed_today\";i:3;s:13:\"pending_today\";i:6;s:14:\"total_patients\";i:66;s:18:\"total_appointments\";i:423;s:14:\"canceled_today\";i:0;s:13:\"no_show_today\";i:0;}s:9:\"exception\";N;}', 1763453401),
('laravel-cache-dashboard_stats_2025-11-19', 'O:28:\"Illuminate\\Http\\JsonResponse\":11:{s:7:\"headers\";O:50:\"Symfony\\Component\\HttpFoundation\\ResponseHeaderBag\":5:{s:10:\"\0*\0headers\";a:3:{s:13:\"cache-control\";a:1:{i:0;s:17:\"no-cache, private\";}s:4:\"date\";a:1:{i:0;s:29:\"Wed, 19 Nov 2025 09:04:50 GMT\";}s:12:\"content-type\";a:1:{i:0;s:16:\"application/json\";}}s:15:\"\0*\0cacheControl\";a:0:{}s:23:\"\0*\0computedCacheControl\";a:2:{s:8:\"no-cache\";b:1;s:7:\"private\";b:1;}s:10:\"\0*\0cookies\";a:0:{}s:14:\"\0*\0headerNames\";a:3:{s:13:\"cache-control\";s:13:\"Cache-Control\";s:4:\"date\";s:4:\"Date\";s:12:\"content-type\";s:12:\"Content-Type\";}}s:10:\"\0*\0content\";s:137:\"{\"today_queue\":8,\"completed_today\":0,\"pending_today\":8,\"total_patients\":66,\"total_appointments\":424,\"canceled_today\":0,\"no_show_today\":0}\";s:10:\"\0*\0version\";s:3:\"1.0\";s:13:\"\0*\0statusCode\";i:200;s:13:\"\0*\0statusText\";s:2:\"OK\";s:10:\"\0*\0charset\";N;s:7:\"\0*\0data\";s:137:\"{\"today_queue\":8,\"completed_today\":0,\"pending_today\":8,\"total_patients\":66,\"total_appointments\":424,\"canceled_today\":0,\"no_show_today\":0}\";s:11:\"\0*\0callback\";N;s:18:\"\0*\0encodingOptions\";i:0;s:8:\"original\";a:7:{s:11:\"today_queue\";i:8;s:15:\"completed_today\";i:0;s:13:\"pending_today\";i:8;s:14:\"total_patients\";i:66;s:18:\"total_appointments\";i:424;s:14:\"canceled_today\";i:0;s:13:\"no_show_today\";i:0;}s:9:\"exception\";N;}', 1763543390),
('laravel-cache-patient_counts', 'O:18:\"App\\Models\\Patient\":36:{s:13:\"\0*\0connection\";s:5:\"mysql\";s:8:\"\0*\0table\";s:8:\"patients\";s:13:\"\0*\0primaryKey\";s:10:\"patient_id\";s:10:\"\0*\0keyType\";s:3:\"int\";s:12:\"incrementing\";b:1;s:7:\"\0*\0with\";a:0:{}s:12:\"\0*\0withCount\";a:0:{}s:19:\"preventsLazyLoading\";b:0;s:10:\"\0*\0perPage\";i:15;s:6:\"exists\";b:1;s:18:\"wasRecentlyCreated\";b:0;s:28:\"\0*\0escapeWhenCastingToString\";b:0;s:13:\"\0*\0attributes\";a:1:{s:14:\"total_patients\";i:66;}s:11:\"\0*\0original\";a:1:{s:14:\"total_patients\";i:66;}s:10:\"\0*\0changes\";a:0:{}s:11:\"\0*\0previous\";a:0:{}s:8:\"\0*\0casts\";a:2:{s:10:\"created_at\";s:8:\"datetime\";s:10:\"updated_at\";s:8:\"datetime\";}s:17:\"\0*\0classCastCache\";a:0:{}s:21:\"\0*\0attributeCastCache\";a:0:{}s:13:\"\0*\0dateFormat\";N;s:10:\"\0*\0appends\";a:0:{}s:19:\"\0*\0dispatchesEvents\";a:0:{}s:14:\"\0*\0observables\";a:0:{}s:12:\"\0*\0relations\";a:0:{}s:10:\"\0*\0touches\";a:0:{}s:27:\"\0*\0relationAutoloadCallback\";N;s:26:\"\0*\0relationAutoloadContext\";N;s:10:\"timestamps\";b:1;s:13:\"usesUniqueIds\";b:0;s:9:\"\0*\0hidden\";a:1:{i:0;s:8:\"password\";}s:10:\"\0*\0visible\";a:0:{}s:11:\"\0*\0fillable\";a:8:{i:0;s:10:\"first_name\";i:1;s:11:\"middle_name\";i:2;s:9:\"last_name\";i:3;s:3:\"sex\";i:4;s:10:\"contact_no\";i:5;s:7:\"address\";i:6;s:5:\"email\";i:7;s:8:\"password\";}s:10:\"\0*\0guarded\";a:1:{i:0;s:1:\"*\";}s:19:\"\0*\0authPasswordName\";s:8:\"password\";s:20:\"\0*\0rememberTokenName\";s:14:\"remember_token\";s:14:\"\0*\0accessToken\";N;}', 1763545739),
('laravel-cache-total_appointments', 'i:424;', 1763543939);

-- --------------------------------------------------------

--
-- Table structure for table `cache_locks`
--

CREATE TABLE `cache_locks` (
  `key` varchar(255) NOT NULL,
  `owner` varchar(255) NOT NULL,
  `expiration` int(11) NOT NULL
) ENGINE=InnoDB DEFAULT CHARSET=utf8mb4 COLLATE=utf8mb4_unicode_ci;

-- --------------------------------------------------------

--
-- Table structure for table `failed_jobs`
--

CREATE TABLE `failed_jobs` (
  `id` bigint(20) UNSIGNED NOT NULL,
  `uuid` varchar(255) NOT NULL,
  `connection` text NOT NULL,
  `queue` text NOT NULL,
  `payload` longtext NOT NULL,
  `exception` longtext NOT NULL,
  `failed_at` timestamp NOT NULL DEFAULT current_timestamp()
) ENGINE=InnoDB DEFAULT CHARSET=utf8mb4 COLLATE=utf8mb4_unicode_ci;

-- --------------------------------------------------------

--
-- Table structure for table `jobs`
--

CREATE TABLE `jobs` (
  `id` bigint(20) UNSIGNED NOT NULL,
  `queue` varchar(255) NOT NULL,
  `payload` longtext NOT NULL,
  `attempts` tinyint(3) UNSIGNED NOT NULL,
  `reserved_at` int(10) UNSIGNED DEFAULT NULL,
  `available_at` int(10) UNSIGNED NOT NULL,
  `created_at` int(10) UNSIGNED NOT NULL
) ENGINE=InnoDB DEFAULT CHARSET=utf8mb4 COLLATE=utf8mb4_unicode_ci;

-- --------------------------------------------------------

--
-- Table structure for table `job_batches`
--

CREATE TABLE `job_batches` (
  `id` varchar(255) NOT NULL,
  `name` varchar(255) NOT NULL,
  `total_jobs` int(11) NOT NULL,
  `pending_jobs` int(11) NOT NULL,
  `failed_jobs` int(11) NOT NULL,
  `failed_job_ids` longtext NOT NULL,
  `options` mediumtext DEFAULT NULL,
  `cancelled_at` int(11) DEFAULT NULL,
  `created_at` int(11) NOT NULL,
  `finished_at` int(11) DEFAULT NULL
) ENGINE=InnoDB DEFAULT CHARSET=utf8mb4 COLLATE=utf8mb4_unicode_ci;

-- --------------------------------------------------------

--
-- Table structure for table `migrations`
--

CREATE TABLE `migrations` (
  `id` int(10) UNSIGNED NOT NULL,
  `migration` varchar(255) NOT NULL,
  `batch` int(11) NOT NULL
) ENGINE=InnoDB DEFAULT CHARSET=utf8mb4 COLLATE=utf8mb4_unicode_ci;

--
-- Dumping data for table `migrations`
--

INSERT INTO `migrations` (`id`, `migration`, `batch`) VALUES
(1, '0001_01_01_000000_create_users_table', 1),
(2, '0001_01_01_000001_create_cache_table', 1),
(3, '0001_01_01_000002_create_jobs_table', 1),
(4, '2025_11_15_061506_create_personal_access_tokens_table', 1),
(5, '2025_11_15_062556_create_patients_table', 1),
(6, '2025_11_15_062652_create_admin_table', 1),
(7, '2025_11_15_062713_create_appointments_table', 1),
(8, '2025_11_15_062733_create_audit_log_table', 1),
(9, '2025_11_15_062750_create_services_table', 1),
(10, '2025_11_15_062806_create_appointment_services_table', 1),
(11, '2025_11_15_062844_create_notifications_table', 1);

-- --------------------------------------------------------

--
-- Table structure for table `notifications`
--

CREATE TABLE `notifications` (
  `notification_id` bigint(20) UNSIGNED NOT NULL,
  `appointment_id` bigint(20) UNSIGNED NOT NULL,
  `queue_number` int(11) NOT NULL,
  `message` text NOT NULL,
  `is_sent` tinyint(1) NOT NULL DEFAULT 0,
  `created_at` timestamp NOT NULL DEFAULT current_timestamp() ON UPDATE current_timestamp()
) ENGINE=InnoDB DEFAULT CHARSET=utf8mb4 COLLATE=utf8mb4_unicode_ci;

--
-- Dumping data for table `notifications`
--

INSERT INTO `notifications` (`notification_id`, `appointment_id`, `queue_number`, `message`, `is_sent`, `created_at`) VALUES
(1, 2, 1, 'Thank you for visiting! Your appointment has been completed.', 0, '2025-11-16 07:16:35'),
(2, 4, 2, 'It\'s your turn now! Please proceed to the counter. Queue #: 2', 0, '2025-11-16 07:53:32'),
(3, 4, 2, 'Thank you for visiting! Your appointment has been completed.', 0, '2025-11-16 08:08:46'),
(4, 5, 3, 'Thank you for visiting! Your appointment has been completed.', 0, '2025-11-16 08:08:53'),
(5, 1, 1, 'It\'s your turn now! Please proceed to the counter. Queue #: 1', 0, '2025-11-16 23:23:14'),
(6, 1, 1, 'It\'s your turn now! Please proceed to the counter. Queue #: 1', 0, '2025-11-16 23:23:29'),
(7, 1, 1, 'It\'s your turn now! Please proceed to the counter. Queue #: 1', 0, '2025-11-16 23:43:11'),
(8, 1, 1, 'Thank you for visiting! Your appointment has been completed.', 0, '2025-11-16 23:43:16'),
(9, 3, 2, 'It\'s your turn now! Please proceed to the counter. Queue #: 2', 0, '2025-11-16 23:43:22'),
(10, 3, 2, 'Thank you for visiting! Your appointment has been completed.', 0, '2025-11-16 23:43:48'),
(11, 6, 3, 'It\'s your turn now! Please proceed to the counter. Queue #: 3', 0, '2025-11-16 23:43:54'),
(12, 6, 3, 'Thank you for visiting! Your appointment has been completed.', 0, '2025-11-16 23:44:00'),
(13, 376, 1, 'Thank you for visiting! Your appointment has been completed.', 0, '2025-11-17 23:52:52'),
(14, 378, 3, 'It\'s your turn now! Please proceed to the counter. Queue #: 3', 0, '2025-11-18 01:18:32');

-- --------------------------------------------------------

--
-- Table structure for table `password_reset_tokens`
--

CREATE TABLE `password_reset_tokens` (
  `email` varchar(255) NOT NULL,
  `token` varchar(255) NOT NULL,
  `created_at` timestamp NULL DEFAULT NULL
) ENGINE=InnoDB DEFAULT CHARSET=utf8mb4 COLLATE=utf8mb4_unicode_ci;

-- --------------------------------------------------------

--
-- Table structure for table `patients`
--

CREATE TABLE `patients` (
  `patient_id` bigint(20) UNSIGNED NOT NULL,
  `first_name` varchar(255) NOT NULL,
  `middle_name` varchar(255) DEFAULT NULL,
  `last_name` varchar(255) NOT NULL,
  `sex` enum('Male','Female') NOT NULL,
  `contact_no` varchar(255) NOT NULL,
  `address` varchar(255) NOT NULL,
  `email` varchar(255) NOT NULL,
  `password` varchar(255) NOT NULL,
  `created_at` timestamp NULL DEFAULT NULL,
  `updated_at` timestamp NULL DEFAULT NULL
) ENGINE=InnoDB DEFAULT CHARSET=utf8mb4 COLLATE=utf8mb4_unicode_ci;

--
-- Dumping data for table `patients`
--

INSERT INTO `patients` (`patient_id`, `first_name`, `middle_name`, `last_name`, `sex`, `contact_no`, `address`, `email`, `password`, `created_at`, `updated_at`) VALUES
(1, 'Kathryn Jasmine', 'Santos', 'Ingiaen', 'Female', '09311211347', 'San Fabian, Echague, Isabela', 'kath@gmail.com', '$2y$12$0nhxPSjAK.fJF24j3./UvOGPQk.okUcKWzuxN.YV3VOOERafvMAqq', '2025-11-15 00:00:29', '2025-11-15 00:00:29'),
(2, 'Keng', NULL, 'Jeng', 'Female', '09668791108', 'Purok 2, Velasco, San Fabian', 'ingiaenkj@gmail.com', '$2y$12$6L43zbJayJmgSyoZNILJkecRSetGnv1w4A8VcCNacujwizpVBT9ji', '2025-11-15 14:52:02', '2025-11-15 14:52:02'),
(3, 'Mi', NULL, 'Ming', 'Male', '09222222222222', 'Bahay ni Kath', 'meow@cat.com', '$2y$12$UERsf2w4cJRxhXfNpnKRN.Uc9rmk2g4Yc3Hk.4DbK2tFLcjjqcGn.', '2025-11-16 07:52:30', '2025-11-16 07:52:30'),
(4, 'Lucifer', NULL, 'Morningstar', 'Male', '0911232323', '7 rings', 'hell@gmail.com', '$2y$12$ZiKauui0vf25xwEoyn9us.ZCICiG4j9XBt1VDCLwcO5fXOQGSXFMO', '2025-11-16 08:05:09', '2025-11-16 08:05:09'),
(5, 'Juan', 'Dela', 'Cruz', 'Male', '09171234567', 'Barangay San Fabian, Echague, Isabela', 'juan.cruz@gmail.com', '$2y$12$kPvTv3Wom8SUj29ZHv/syuk8sco6lhnqQ/haSgjoQtj3hiRwcsVJC', '2025-11-17 03:12:40', '2025-11-17 03:12:40'),
(6, 'Maria', 'Santos', 'Garcia', 'Female', '09281234567', 'Barangay San Manuel, Echague, Isabela', 'maria.garcia@gmail.com', '$2y$12$kO1yv82cTjlXk.ZM3abguuG9e3IKWFj0FhRcglzHdh2FclGtGgiWS', '2025-11-17 03:12:41', '2025-11-17 03:12:41'),
(7, 'Pedro', 'Luna', 'Reyes', 'Male', '09391234567', 'Barangay Dicaraoyan, Echague, Isabela', 'pedro.reyes@gmail.com', '$2y$12$yyGJZIeUIb1MWhucodOXiOL4HKVtEpZx/gpKqo9RfRAc1Qv4/H9ea', '2025-11-17 03:12:41', '2025-11-17 03:12:41'),
(8, 'Ana', 'Marie', 'Bautista', 'Female', '09451234567', 'Poblacion, Echague, Isabela', 'ana.bautista@gmail.com', '$2y$12$ofj6S9HTv9W1Fi7dM08xOOfy5nuwPyEKL6JAOt/bYVWdrNAuMHOQ6', '2025-11-17 03:12:41', '2025-11-17 03:12:41'),
(9, 'Carlos', 'Jose', 'Fernandez', 'Male', '09561234567', 'Barangay Angoluan, Echague, Isabela', 'carlos.fernandez@gmail.com', '$2y$12$wj2L3VbXgTj2UpEfr0uDGeLxPGBfaylUfgaf9inBLC41KiIXSZJR2', '2025-11-17 03:12:42', '2025-11-17 03:12:42'),
(10, 'Rosa', 'May', 'Aquino', 'Female', '09671234567', 'Barangay Annafunan, Echague, Isabela', 'rosa.aquino@gmail.com', '$2y$12$zMygJr9FxNifX2z0jlEclu4rdiep2BfggW.B/4ojRh5pvmZxknc6K', '2025-11-17 03:12:42', '2025-11-17 03:12:42'),
(11, 'Miguel', 'Antonio', 'Santos', 'Male', '09781234567', 'Barangay Arabiat, Echague, Isabela', 'miguel.santos@gmail.com', '$2y$12$.4m1rNT/IaMdPabIwughAuN0U84sHnp/vTMa3XS/9hSuj0/xaFib.', '2025-11-17 03:12:42', '2025-11-17 03:12:42'),
(12, 'Luisa', 'Cruz', 'Ramos', 'Female', '09891234567', 'Barangay Buneg, Echague, Isabela', 'luisa.ramos@gmail.com', '$2y$12$IH.89oO89VO09YFBLWAFQerZ1BPXfJUh6aki38MC.7wI2zuSEhLN.', '2025-11-17 03:12:43', '2025-11-17 03:12:43'),
(13, 'Roberto', 'Del', 'Rosario', 'Male', '09121234567', 'Barangay Carulay, Echague, Isabela', 'roberto.rosario@gmail.com', '$2y$12$aCPmoyFNWWyvLSRhTdG2lePyBZQBE1TAIYBGIExPSE1r5T7nDpAPG', '2025-11-17 03:12:43', '2025-11-17 03:12:43'),
(14, 'Elena', 'Isabel', 'Torres', 'Female', '09231234567', 'Barangay Dammang, Echague, Isabela', 'elena.torres@gmail.com', '$2y$12$FXiZLfcjhNw51ALKBlQeuOAoAjErhNDnqVBWK3whqXtx3jRk7xv1i', '2025-11-17 03:12:43', '2025-11-17 03:12:43'),
(15, 'Francisco', 'Manuel', 'Mendoza', 'Male', '09341234567', 'Barangay Fugu, Echague, Isabela', 'francisco.mendoza@gmail.com', '$2y$12$QaaY5.VQbDof5N1j/Ux4NueFg3BvQt.DUvqsDHcp8wkWYg1zz9adC', '2025-11-17 03:12:44', '2025-11-17 03:12:44'),
(16, 'Carmen', 'Luz', 'Navarro', 'Female', '09451234568', 'Barangay Gumbauan, Echague, Isabela', 'carmen.navarro@gmail.com', '$2y$12$BBO.sKsHTpBAwtwPCy3SZudlDN0E5zB8mReE6ugEpMhXddzbuJXMq', '2025-11-17 03:12:44', '2025-11-17 03:12:44'),
(17, 'Diego', NULL, 'Castillo', 'Male', '09561234568', 'Barangay Ipil, Echague, Isabela', 'diego.castillo@gmail.com', '$2y$12$Mu1fpr.vwyGQ8/f2n.WVUOjm586/yvLX36yIFIxNzygnOEfUAkqK2', '2025-11-17 03:12:45', '2025-11-17 03:12:45'),
(18, 'Sofia', 'Grace', 'Villanueva', 'Female', '09671234568', 'Barangay Malawa, Echague, Isabela', 'sofia.villanueva@gmail.com', '$2y$12$mbFTlZs.tBAj2Z.E7YbBUO0RMO3e.J64FpwlmCXZGQw7.yKFXGWD.', '2025-11-17 03:12:45', '2025-11-17 03:12:45'),
(19, 'Antonio', 'Luis', 'Ramirez', 'Male', '09781234568', 'Barangay Munoz, Echague, Isabela', 'antonio.ramirez@gmail.com', '$2y$12$OYwMMtccJnUpSIbjFpreneeY5LIxYuJERHrVV8qqrtR9bPQ/m8vca', '2025-11-17 03:12:45', '2025-11-17 03:12:45'),
(20, 'Isabella', 'Rose', 'Santiago', 'Female', '09881234568', 'Barangay Naguilian, Echague, Isabela', 'isabella.santiago@gmail.com', '$2y$12$2381sD8WO5kjBDNl6.fn3eLZmPZKVypkLGCMOvAnTlK8tZLOh/7fW', '2025-11-17 03:12:46', '2025-11-17 03:12:46'),
(21, 'Ricardo', 'Pablo', 'Domingo', 'Male', '09991234568', 'Barangay Paddaya, Echague, Isabela', 'ricardo.domingo@gmail.com', '$2y$12$bvoftjGhnTEe0Yt4wthkouWQDqEJCAzK4Yg3rvtWUHpM9EjtPpPnS', '2025-11-17 03:12:46', '2025-11-17 03:12:46'),
(22, 'Katerina', 'Joy', 'Valdez', 'Female', '09101234568', 'Barangay Pangal, Echague, Isabela', 'katerina.valdez@gmail.com', '$2y$12$ZrVWxRqFUjDK8X8klfLoyOyKI4b8A/um/0cTxWv/azp0S3Fg3v/A6', '2025-11-17 03:12:46', '2025-11-17 03:12:46'),
(23, 'Gabriel', 'Emmanuel', 'Cruz', 'Male', '09211234568', 'Barangay Quibal, Echague, Isabela', 'gabriel.cruz@gmail.com', '$2y$12$Ta1632jtFc3WsQoSTOX6jeDlVsRh4wXFuxZryj0Bzs2CN2AVLo59y', '2025-11-17 03:12:47', '2025-11-17 03:12:47'),
(24, 'Angela', 'Faith', 'Morales', 'Female', '09321234568', 'Barangay San Antonio, Echague, Isabela', 'angela.morales@gmail.com', '$2y$12$QdTPonVcJ.7MP3BmfBeOju1KorlzxGpghNYn7BnjbxCNELFVKXpyO', '2025-11-17 03:12:47', '2025-11-17 03:12:47'),
(25, 'Rodrigo', 'Santos', 'dela Cruz', 'Male', '09431234567', 'Barangay Sinalingan Norte, Echague, Isabela', 'rodrigo.delacruz@gmail.com', '$2y$12$8zwNncpyCNWw.CkAe2bhLeJVXuHCkU8XAnzafXIF6i8W3qO4wnF0C', '2025-11-17 03:20:00', '2025-11-17 03:20:00'),
(26, 'Cynthia', 'Reyes', 'Martinez', 'Female', '09541234567', 'Barangay Sinalingan Sur, Echague, Isabela', 'cynthia.martinez@gmail.com', '$2y$12$5L7d41aeW0Mx27y5.axnCOI1u5Z/CKPUV69nE/LQ9loXX1A7ocTHi', '2025-11-17 03:20:01', '2025-11-17 03:20:01'),
(27, 'Ramon', 'Luis', 'Gonzales', 'Male', '09651234567', 'Barangay Santa Maria, Echague, Isabela', 'ramon.gonzales@gmail.com', '$2y$12$lbFlSV9doACwgEONgp9AKu6DScU.enFX76MWclqVS7glXhq1XlFUe', '2025-11-17 03:20:01', '2025-11-17 03:20:01'),
(28, 'Gloria', 'Mae', 'Lopez', 'Female', '09761234567', 'Barangay Tooc, Echague, Isabela', 'gloria.lopez@gmail.com', '$2y$12$D3AiRpkiZhxTyHccsgEJGeXpolWDZwTDswO/BEDdqy7vaDIC8VqC6', '2025-11-17 03:20:02', '2025-11-17 03:20:02'),
(29, 'Benjamin', 'Carlos', 'Rivera', 'Male', '09871234567', 'Barangay Tutung, Echague, Isabela', 'benjamin.rivera@gmail.com', '$2y$12$2tB1Ou1cI6GLZGxMpQGcGeab579Wej5RIR1rTfKNVRCqib9xrT6Nm', '2025-11-17 03:20:02', '2025-11-17 03:20:02'),
(30, 'Teresa', 'Joy', 'Flores', 'Female', '09981234567', 'Barangay Villa Paz, Echague, Isabela', 'teresa.flores@gmail.com', '$2y$12$PZODGuxaGOjB20kLF2mJl.vGoO7AUPyn96fXBQVPCgMUgST31lXCG', '2025-11-17 03:20:02', '2025-11-17 03:20:02'),
(31, 'Eduardo', 'Manuel', 'Perez', 'Male', '09191234569', 'Barangay San Luis, Echague, Isabela', 'eduardo.perez@gmail.com', '$2y$12$.z5K498gEyFYExvT9qgbNO5uXpBHCYKV/SXCukWDKAISCVDz6bcyq', '2025-11-17 03:20:03', '2025-11-17 03:20:03'),
(32, 'Marilyn', 'Grace', 'Gomez', 'Female', '09291234569', 'Barangay Silauan, Echague, Isabela', 'marilyn.gomez@gmail.com', '$2y$12$URAS4N2Ir3tj40LK7IvFmOlc6i6H3Phv.MC.398KmXsA2t/NNzd2m', '2025-11-17 03:20:03', '2025-11-17 03:20:03'),
(33, 'Alberto', 'Jose', 'Salazar', 'Male', '09391234569', 'Barangay Bagumbayan, Echague, Isabela', 'alberto.salazar@gmail.com', '$2y$12$9eJ92zeMMxSQRcRSzwzC8uwEgtIyCwhWDZzpWWMl7jFVdsztZhQu2', '2025-11-17 03:20:03', '2025-11-17 03:20:03'),
(34, 'Rosario', 'Luz', 'Jimenez', 'Female', '09491234569', 'Barangay Dappig, Echague, Isabela', 'rosario.jimenez@gmail.com', '$2y$12$YBh3ATfn9ObnhQ/8K6ErfeXiHi1YwG0v3ksPppydyk1IWV0a5b8uC', '2025-11-17 03:20:04', '2025-11-17 03:20:04'),
(35, 'Fernando', 'Antonio', 'Mendez', 'Male', '09591234569', 'Barangay Magsaysay, Echague, Isabela', 'fernando.mendez@gmail.com', '$2y$12$QdOEcH7egT4n.uiUWF6MauotqAhrJp5uxZ1yVHVAPH9W7hIz8ELZy', '2025-11-17 03:20:04', '2025-11-17 03:20:04'),
(36, 'Lourdes', 'Marie', 'Ruiz', 'Female', '09691234569', 'Barangay Babanuang, Echague, Isabela', 'lourdes.ruiz@gmail.com', '$2y$12$5mffjMWPxE6RDZBKw3c3tO6Kob3yvv8SJM/SkuPS08nPXTTdBRpJK', '2025-11-17 03:20:05', '2025-11-17 03:20:05'),
(37, 'Gregorio', 'Pablo', 'Ramos', 'Male', '09791234569', 'Barangay Canagatan, Echague, Isabela', 'gregorio.ramos@gmail.com', '$2y$12$Wg9RL8VKA0BvTxq3VNuK/uDkFmzNoNjrgiS7jFk8RKlLUbKZV/mEq', '2025-11-17 03:20:05', '2025-11-17 03:20:05'),
(38, 'Felicidad', 'Rose', 'Castro', 'Female', '09891234569', 'Barangay Mabbayad, Echague, Isabela', 'felicidad.castro@gmail.com', '$2y$12$chu0teqwj8zYXcVZQ1Hw/OK/ptgX8gdYsI9YNC03WO9x6U3x0R3vy', '2025-11-17 03:20:05', '2025-11-17 03:20:05'),
(39, 'Leonardo', 'Miguel', 'Ortiz', 'Male', '09991234569', 'Barangay San Juan, Echague, Isabela', 'leonardo.ortiz@gmail.com', '$2y$12$MfKOSTGHp9KGPnUwKqHTpeW3Sb3gOymX/x0XwXETKgBSJ082KN.Ra', '2025-11-17 03:20:06', '2025-11-17 03:20:06'),
(40, 'Remedios', 'Faith', 'Moreno', 'Female', '09101234569', 'Barangay Ayod, Echague, Isabela', 'remedios.moreno@gmail.com', '$2y$12$un1gzF.kUTybVWOuX.Xm2O3PVk7In9XYA/EET1ZaqAHkmTdmwBsCa', '2025-11-17 03:20:06', '2025-11-17 03:20:06'),
(41, 'Alfredo', 'Daniel', 'Gutierrez', 'Male', '09211234569', 'Barangay Bugallon, Echague, Isabela', 'alfredo.gutierrez@gmail.com', '$2y$12$CgS3bNMhYJqtV8SjsxzVw.7IkMrrqQtXLB07oAdb/Onw1GqUkDigy', '2025-11-17 03:20:06', '2025-11-17 03:20:06'),
(42, 'Esperanza', 'Anne', 'Vargas', 'Female', '09321234569', 'Barangay Diffun Road, Echague, Isabela', 'esperanza.vargas@gmail.com', '$2y$12$1zoIT5fhOpre/XpXUZqrneTIiqeyJ7mTsk4VXcQWgWHWOLJByWu0u', '2025-11-17 03:20:07', '2025-11-17 03:20:07'),
(43, 'Armando', 'Rafael', 'Herrera', 'Male', '09431234569', 'Barangay Binangtalan, Echague, Isabela', 'armando.herrera@gmail.com', '$2y$12$JgWMW4wQF9ISnA6DNHjlb./BzbW82tVTqmq3.gawqlT6a4kZAkwqG', '2025-11-17 03:20:07', '2025-11-17 03:20:07'),
(44, 'Consuelo', 'Jane', 'Aguilar', 'Female', '09541234569', 'Barangay Culalabat, Echague, Isabela', 'consuelo.aguilar@gmail.com', '$2y$12$slHQ4EboUs32kqGmP.9RLO82ZPbVEkTlxno2pHQDcJ1TLtGE2wvEy', '2025-11-17 03:20:07', '2025-11-17 03:20:07'),
(45, 'Ernesto', 'Victor', 'Medina', 'Male', '09651234569', 'Barangay District 1, Echague, Isabela', 'ernesto.medina@gmail.com', '$2y$12$JmhSF3QwUI5Y9u6ImGiLEuqOKjmPbwMtUWSADMaZ1TGAHGhVHDhTS', '2025-11-17 03:20:08', '2025-11-17 03:20:08'),
(46, 'Norma', 'Angelica', 'Chavez', 'Female', '09761234569', 'Barangay District 2, Echague, Isabela', 'norma.chavez@gmail.com', '$2y$12$Ivduh/Vn2/LDJP58eZIYkubPaOPuYQ4MDGgul1bC1t05NblJned2G', '2025-11-17 03:20:08', '2025-11-17 03:20:08'),
(47, 'Salvador', 'Enrique', 'Rojas', 'Male', '09871234569', 'Barangay District 3, Echague, Isabela', 'salvador.rojas@gmail.com', '$2y$12$RQmfr29MCtNog1OuoCAEYO1CxENAgoYXI8ji5SJwMksVZzNtozdc.', '2025-11-17 03:20:08', '2025-11-17 03:20:08'),
(48, 'Luz', 'Patricia', 'Romero', 'Female', '09981234569', 'Barangay Madadamian, Echague, Isabela', 'luz.romero@gmail.com', '$2y$12$isTdOybYigvUU/XsVzcxO.vhGp5O.HjwgqWrvF3qWH4ktFz6tkD32', '2025-11-17 03:20:09', '2025-11-17 03:20:09'),
(49, 'Vicente', 'Alfonso', 'Diaz', 'Male', '09191234570', 'Barangay Malitao, Echague, Isabela', 'vicente.diaz@gmail.com', '$2y$12$gsWdhwG8yLCBsRKZvoa9T.YhNMwJFwr1I.Kz/7X3lL.y1c8Zs7eKS', '2025-11-17 03:20:09', '2025-11-17 03:20:09'),
(50, 'Angelita', 'Sofia', 'Alvarez', 'Female', '09291234570', 'Barangay Anonang, Echague, Isabela', 'angelita.alvarez@gmail.com', '$2y$12$P4sA0loyavduvIuaov6rJ.INH.sHkM66Ukvf3c5bIXV1Q39z0Ovky', '2025-11-17 03:20:09', '2025-11-17 03:20:09'),
(51, 'Herminio', 'Gabriel', 'Mendoza', 'Male', '09391234570', 'Barangay Annafunan West, Echague, Isabela', 'herminio.mendoza@gmail.com', '$2y$12$ThTcQviUiMUvwR.b37Lw3OyFc2kzvjLUzBZBtOE4uHV6bflKcn9UO', '2025-11-17 03:20:10', '2025-11-17 03:20:10'),
(52, 'Violeta', 'Isabel', 'Santos', 'Female', '09491234570', 'Barangay Caniguing, Echague, Isabela', 'violeta.santos@gmail.com', '$2y$12$/8.ftFjzgakIvMScMQHO/uXGaYTtT1OPWM4LyJs3iZW9xPdaGejNe', '2025-11-17 03:20:10', '2025-11-17 03:20:10'),
(53, 'Leopoldo', 'Fernando', 'Torres', 'Male', '09591234570', 'Barangay Gungo, Echague, Isabela', 'leopoldo.torres@gmail.com', '$2y$12$F6OR48V.384K7.OsegSN4eSYFHU2rfeLIrkahqxvmwOaBgK..6eaq', '2025-11-17 03:20:11', '2025-11-17 03:20:11'),
(54, 'Milagros', 'Carmen', 'Sanchez', 'Female', '09691234570', 'Barangay Malasin, Echague, Isabela', 'milagros.sanchez@gmail.com', '$2y$12$8lSfSADqSfUzgv8rzcGA2eKeWuzG8HAOMy6KGwpZaANLlaPqIiTtO', '2025-11-17 03:20:11', '2025-11-17 03:20:11'),
(55, 'Rogelio', 'Arturo', 'Bautista', 'Male', '09791234570', 'Barangay Narra, Echague, Isabela', 'rogelio.bautista@gmail.com', '$2y$12$JlNeF1ZPB1frKyoJt6U.9eTdGPKp8uW9iJtsY7anlZTPhemsn3qaG', '2025-11-17 03:20:11', '2025-11-17 03:20:11'),
(56, 'Josefina', 'Elena', 'Fernandez', 'Female', '09891234570', 'Barangay Osmena, Echague, Isabela', 'josefina.fernandez@gmail.com', '$2y$12$BfJYVLwOmW5FYTKGmrbH1OFLl.D6Pt7GDkuN9DpbDZ.Akt2ZntS06', '2025-11-17 03:20:12', '2025-11-17 03:20:12'),
(57, 'Eugenio', 'Raul', 'Castillo', 'Male', '09991234570', 'Barangay Raniag, Echague, Isabela', 'eugenio.castillo@gmail.com', '$2y$12$.scxzu5FVQIV9rxO79xfWuBPlJArl5WqwRaOXbJNt8GNMeVvIttYW', '2025-11-17 03:20:12', '2025-11-17 03:20:12'),
(58, 'Consolacion', 'Maria', 'Valdez', 'Female', '09101234570', 'Barangay San Placido, Echague, Isabela', 'consolacion.valdez@gmail.com', '$2y$12$WAlpCgksGfXxER.2O7Myi.DRbm.fArmpStDefjxTJpA8Y8qawNcBW', '2025-11-17 03:20:12', '2025-11-17 03:20:12'),
(59, 'Domingo', 'Pedro', 'Navarro', 'Male', '09211234570', 'Barangay Turod, Echague, Isabela', 'domingo.navarro@gmail.com', '$2y$12$UaopzPoO8v/ZqasUPTqpremqVnAUYyPxDgjSoBiOvsrqTvtP8cUmy', '2025-11-17 03:20:13', '2025-11-17 03:20:13'),
(60, 'Asuncion', 'Teresa', 'Cruz', 'Female', '09321234570', 'Barangay Buyon, Echague, Isabela', 'asuncion.cruz@gmail.com', '$2y$12$n7kk06XdBlO52/KdHw93AOb96YCSXYkB2qBPgrlSAuCa8n8EM9g62', '2025-11-17 03:20:13', '2025-11-17 03:20:13'),
(61, 'Emilio', 'Ricardo', 'Reyes', 'Male', '09431234570', 'Barangay Dicaraoyan East, Echague, Isabela', 'emilio.reyes@gmail.com', '$2y$12$FF8lWirueK7iBVPSXbguuunXkdozZ4aHX/oFLPzJfopjewQUfdcHi', '2025-11-17 03:20:13', '2025-11-17 03:20:13'),
(62, 'Pacita', 'Lilian', 'Garcia', 'Female', '09541234570', 'Barangay Dicaraoyan West, Echague, Isabela', 'pacita.garcia@gmail.com', '$2y$12$fNYzVaqokeRMQl7j3pYSVu6MsFzBvLadPE4FgtPrN6DoKxHUYAnE6', '2025-11-17 03:20:14', '2025-11-17 03:20:14'),
(63, 'Alfredo', 'Sergio', 'Aquino', 'Male', '09651234570', 'Barangay Gayong, Echague, Isabela', 'alfredo.aquino@gmail.com', '$2y$12$30LNX2VBdQ/TNQ2N7Scxgetrw8IEAaAuznrKYZZQ7htB/WGeDqP8O', '2025-11-17 03:20:14', '2025-11-17 03:20:14'),
(64, 'Purificacion', 'Rosa', 'Morales', 'Female', '09761234570', 'Barangay Villa Cristina, Echague, Isabela', 'purificacion.morales@gmail.com', '$2y$12$FD.kpD0TDJC0LzT/GV502uE74jbxhHwmoQmldT3xA9osnQ/k/BeyO', '2025-11-17 03:20:14', '2025-11-17 03:20:14'),
(65, 'Test', NULL, 'One', 'Male', '09876543219', '123', 'test@gmail.com', '$2y$12$9P.ms1QRe4IaNoSyEOOa7.1SvfgUfkLtDbvSFooK04KrN8PbHkIsi', '2025-11-18 06:37:07', '2025-11-18 06:37:07'),
(66, 'Test', NULL, 'Two', 'Female', '09876543121', '345', 'test2@gmail.com', '$2y$12$XG4YocQusDPyMgr7BNI.yOpOWGLkatXcTkQTYsZYU7kd8J3hhrBuK', '2025-11-18 07:16:31', '2025-11-18 07:16:31'),
(67, 'Admin1', NULL, 'Admin1', 'Male', '09668791108', 'Purok 2, Velasco, San Fabian', 'admin1@gmail.com', '$2y$12$iVzN/NC1bBoh7P5fAefoBeC2r2kBphPHryCk6xAedcCmpPq9w8BTK', '2025-11-19 08:58:33', '2025-11-19 08:58:33'),
(68, 'keng', 'jeng', 'jeng', 'Female', '09668791108', 'Purok 2, Velasco, San Fabian', 'kengjeng@gmail.com', '$2y$12$HB8rLBqvTiy4toKrTAgstujUITNVSwoFPEscQyW3p/qc58zQ8TvaC', '2025-11-19 09:05:15', '2025-11-19 09:05:15'),
(69, 'nicole', NULL, 'carabbacan', 'Female', '09171104906', 'Fugaru Angadanan Isabela', 'nicolecarabbacan@gmail.com', '$2y$12$lJmAFmKiajEhRuNkFMvYt.JO8foiQncR5IZP6fWkYN3nfBp9e7HYK', '2025-11-20 07:05:25', '2025-11-20 07:05:25');

-- --------------------------------------------------------

--
-- Table structure for table `personal_access_tokens`
--

CREATE TABLE `personal_access_tokens` (
  `id` bigint(20) UNSIGNED NOT NULL,
  `tokenable_type` varchar(255) NOT NULL,
  `tokenable_id` bigint(20) UNSIGNED NOT NULL,
  `name` text NOT NULL,
  `token` varchar(64) NOT NULL,
  `abilities` text DEFAULT NULL,
  `last_used_at` timestamp NULL DEFAULT NULL,
  `expires_at` timestamp NULL DEFAULT NULL,
  `created_at` timestamp NULL DEFAULT NULL,
  `updated_at` timestamp NULL DEFAULT NULL
) ENGINE=InnoDB DEFAULT CHARSET=utf8mb4 COLLATE=utf8mb4_unicode_ci;

--
-- Dumping data for table `personal_access_tokens`
--

INSERT INTO `personal_access_tokens` (`id`, `tokenable_type`, `tokenable_id`, `name`, `token`, `abilities`, `last_used_at`, `expires_at`, `created_at`, `updated_at`) VALUES
(1, 'App\\Models\\Admin', 1, 'admin-token', 'e66287a2d4eeee52180c179fc3d9361ba0d2c0630f3048cb29befd74dc888de1', '[\"*\"]', NULL, NULL, '2025-11-14 23:35:35', '2025-11-14 23:35:35'),
(2, 'App\\Models\\Patient', 1, 'patient-token', 'fa9a7e03a054d1fc6d04f591792f5598c76a72f234f325455b4d8c511ff60c10', '[\"*\"]', '2025-11-19 07:47:32', NULL, '2025-11-15 00:00:29', '2025-11-19 07:47:32'),
(3, 'App\\Models\\Patient', 1, 'patient-token', '0b07f6f3ff40912326b3693ddd539f898664a1b854673c760c8bc0d62f54d1de', '[\"*\"]', '2025-11-15 14:43:48', NULL, '2025-11-15 14:42:36', '2025-11-15 14:43:48'),
(4, 'App\\Models\\Admin', 1, 'admin-token', '051e4ea1b241157e869431249876c0545a0a1098d7768586b0a990c9c7a653fb', '[\"*\"]', '2025-11-15 14:49:42', NULL, '2025-11-15 14:44:02', '2025-11-15 14:49:42'),
(5, 'App\\Models\\Admin', 1, 'admin-token', '0c0bda0413551a5fd26a1d0b13c02a6f430473bda98bb8fee85b838946e852f2', '[\"*\"]', '2025-11-15 14:51:03', NULL, '2025-11-15 14:50:52', '2025-11-15 14:51:03'),
(6, 'App\\Models\\Patient', 2, 'patient-token', 'fe61d6fc5704157df29e45dbc5ee739152addfe7266424af2743c6ecc9937842', '[\"*\"]', '2025-11-15 14:54:45', NULL, '2025-11-15 14:52:02', '2025-11-15 14:54:45'),
(7, 'App\\Models\\Admin', 1, 'admin-token', '602a831dd7a4969f4490cd14675f59d7baa1f7610f37ef11c708acb56c5f8a6a', '[\"*\"]', '2025-11-15 15:00:13', NULL, '2025-11-15 14:54:58', '2025-11-15 15:00:13'),
(8, 'App\\Models\\Admin', 1, 'admin-token', '834790b3f49c94f46048456aa0787c892b042b99d2df12b328a4b6982fd26ae2', '[\"*\"]', NULL, NULL, '2025-11-15 15:10:53', '2025-11-15 15:10:53'),
(9, 'App\\Models\\Patient', 2, 'patient-token', '98db81e2e942186f8fc55e3b409cc5093fc9cf81a44475114eb383bd94559d02', '[\"*\"]', '2025-11-15 15:42:49', NULL, '2025-11-15 15:14:59', '2025-11-15 15:42:49'),
(10, 'App\\Models\\Admin', 1, 'admin-token', '784d57b8884f872b2aaf4b7fbc20c3f3760bb1515c073ddbb191cd2e37e493d3', '[\"*\"]', '2025-11-15 15:46:08', NULL, '2025-11-15 15:15:33', '2025-11-15 15:46:08'),
(11, 'App\\Models\\Admin', 1, 'admin-token', 'c8a07189129aa31d91f0ad6d32b34fe66e908a609310b7f5160151716b0cd498', '[\"*\"]', '2025-11-16 07:19:09', NULL, '2025-11-16 07:16:03', '2025-11-16 07:19:09'),
(12, 'App\\Models\\Admin', 1, 'admin-token', '16a987ebedb14dac3ab30fd85a8d8127f7fa85bc92306bbad273391c0e94587b', '[\"*\"]', '2025-11-16 08:08:58', NULL, '2025-11-16 07:19:33', '2025-11-16 08:08:58'),
(13, 'App\\Models\\Patient', 2, 'patient-token', '0cb3e135fffde90179522d382a8dda09c7590009190b3855a8a9c7c28259e4e6', '[\"*\"]', '2025-11-16 07:37:00', NULL, '2025-11-16 07:36:57', '2025-11-16 07:37:00'),
(14, 'App\\Models\\Patient', 1, 'patient-token', 'ebe1d3e1e03a317f76fab951b51b0ad3b991756b841cd4a89bd5dff042f16c27', '[\"*\"]', '2025-11-16 07:50:34', NULL, '2025-11-16 07:49:55', '2025-11-16 07:50:34'),
(15, 'App\\Models\\Patient', 3, 'patient-token', '23267442cd6e068ced8356821af953faf3f0c76e9d28371abdbf6b095c177aab', '[\"*\"]', '2025-11-16 07:55:05', NULL, '2025-11-16 07:52:30', '2025-11-16 07:55:05'),
(16, 'App\\Models\\Patient', 2, 'patient-token', '4df3eff5e42f9f1175245098626cdadea3f66f2377fa561fea901bf4bff65b0a', '[\"*\"]', '2025-11-16 07:59:05', NULL, '2025-11-16 07:59:01', '2025-11-16 07:59:05'),
(17, 'App\\Models\\Patient', 1, 'patient-token', '220379be133e1844e8fac4237dc59fc3f63087f5cb4f7ee0e91e67011bf1ae3b', '[\"*\"]', '2025-11-16 07:59:27', NULL, '2025-11-16 07:59:23', '2025-11-16 07:59:27'),
(18, 'App\\Models\\Patient', 4, 'patient-token', 'e299d48c17b178ccab9e837abbd021b46629bf91192ce345d535310886a88a53', '[\"*\"]', '2025-11-16 08:08:19', NULL, '2025-11-16 08:05:09', '2025-11-16 08:08:19'),
(19, 'App\\Models\\Admin', 1, 'admin-token', '159337ff4120d2eac6d0f526194b1983d50f0de87e63346d1ca19fb6c7d0202e', '[\"*\"]', '2025-11-16 08:09:42', NULL, '2025-11-16 08:09:06', '2025-11-16 08:09:42'),
(20, 'App\\Models\\Admin', 1, 'admin-token', '3c7c004438e212ea1f904f0676d54d12c54bee31e90a9f2a26561f5ef2f5ace7', '[\"*\"]', '2025-11-16 08:15:50', NULL, '2025-11-16 08:11:13', '2025-11-16 08:15:50'),
(21, 'App\\Models\\Admin', 1, 'admin-token', 'df4fc46c313ed6ea15563ec2fb89dada1e830c1b4babf390933b1fced62a103d', '[\"*\"]', '2025-11-16 13:50:22', NULL, '2025-11-16 13:20:14', '2025-11-16 13:50:22'),
(22, 'App\\Models\\Admin', 1, 'admin-token', '422a2cae4fde1110c42d038e60af96f3d42feebcf54caf310e5ad9a4e7aed15b', '[\"*\"]', '2025-11-17 00:06:55', NULL, '2025-11-16 15:10:12', '2025-11-17 00:06:55'),
(23, 'App\\Models\\Patient', 2, 'patient-token', '5bab5fcb277634c8338d61c002872debdf006b95b5caa64bb2b3f297aaa8c37a', '[\"*\"]', '2025-11-16 23:44:27', NULL, '2025-11-16 15:11:39', '2025-11-16 23:44:27'),
(24, 'App\\Models\\Admin', 1, 'admin-token', '2351a58705746198d9475d4a26451b085497ce3315cf2832d7c3813c0d29322e', '[\"*\"]', '2025-11-17 03:29:30', NULL, '2025-11-17 02:51:40', '2025-11-17 03:29:30'),
(25, 'App\\Models\\Patient', 2, 'patient-token', '04da7eaeeafb90351a811478b836b4482fb0cb826b8523cde152cfe4a0376e19', '[\"*\"]', '2025-11-17 03:29:56', NULL, '2025-11-17 03:29:51', '2025-11-17 03:29:56'),
(26, 'App\\Models\\Patient', 1, 'patient-token', '16111016482c87a32149d411db597bd990992ba0a6687d684c5ed8b42e766b84', '[\"*\"]', '2025-11-17 03:58:57', NULL, '2025-11-17 03:37:34', '2025-11-17 03:58:57'),
(27, 'App\\Models\\Admin', 1, 'admin-token', 'a76c9a1a8bf9f2e214f98383bddfc10c990070ec86aa7858c522ee3f505d2697', '[\"*\"]', '2025-11-17 04:00:57', NULL, '2025-11-17 03:59:22', '2025-11-17 04:00:57'),
(28, 'App\\Models\\Admin', 1, 'admin-token', 'a4f1367b3d9ce6d7aa754c4744652b751be0fae33fcb907ba36708aef825e8ce', '[\"*\"]', '2025-11-18 01:36:46', NULL, '2025-11-17 23:52:28', '2025-11-18 01:36:46'),
(29, 'App\\Models\\Admin', 1, 'admin-token', 'cd883ad17938f0301093adc6c7889ba01c9c07517b05156f58e68015e83255d6', '[\"*\"]', '2025-11-18 05:19:00', NULL, '2025-11-18 05:14:54', '2025-11-18 05:19:00'),
(30, 'App\\Models\\Admin', 1, 'admin-token', '7e03450b0f1b5d3c3cb093b4d2ab9c6b86b15ad89b6fdddc8d05a9d86e572882', '[\"*\"]', '2025-11-18 05:25:48', NULL, '2025-11-18 05:21:24', '2025-11-18 05:25:48'),
(31, 'App\\Models\\Admin', 1, 'admin-token', 'b9aa9e6c481f3e717045efd82ed1141f529f6e5dc99eff1338e13bbaa16dd85f', '[\"*\"]', '2025-11-18 05:26:51', NULL, '2025-11-18 05:25:58', '2025-11-18 05:26:51'),
(32, 'App\\Models\\Patient', 2, 'patient-token', '402c3e62f0ea6cf856574f27000c59054be2700286c69a1a1f353c54a01905f9', '[\"*\"]', '2025-11-18 05:27:07', NULL, '2025-11-18 05:27:02', '2025-11-18 05:27:07'),
(33, 'App\\Models\\Patient', 2, 'patient-token', 'd6da076f69a4ed9242d3ffa393232ffa317ca5acaa3d7869ea652eed4ca531b6', '[\"*\"]', '2025-11-18 05:27:29', NULL, '2025-11-18 05:27:25', '2025-11-18 05:27:29'),
(34, 'App\\Models\\Admin', 1, 'admin-token', '035af020905a8a998c7fc5782c3e7d0a289fcbcb1f5a9fe325cdf50e98a35f00', '[\"*\"]', '2025-11-18 06:16:31', NULL, '2025-11-18 05:28:51', '2025-11-18 06:16:31'),
(35, 'App\\Models\\Admin', 1, 'admin-token', '0e99f4f67a0c167331a887c3164da63dcbae738b6a45ef9b2f9b528b1caa15bb', '[\"*\"]', '2025-11-18 07:01:19', NULL, '2025-11-18 06:16:43', '2025-11-18 07:01:19'),
(36, 'App\\Models\\Patient', 65, 'patient-token', '6482ea99f9a7fd6e32145c0c9b896e03f85cb32486bb16c1cd0001e44fc84a30', '[\"*\"]', '2025-11-18 06:37:25', NULL, '2025-11-18 06:37:07', '2025-11-18 06:37:25'),
(37, 'App\\Models\\Patient', 66, 'patient-token', '8f00edeb5536f423cf8fedd755758c2cbc40d96adf014a5445bdae1b0478b234', '[\"*\"]', '2025-11-18 07:23:21', NULL, '2025-11-18 07:16:31', '2025-11-18 07:23:21'),
(38, 'App\\Models\\Patient', 2, 'patient-token', '1009d35fac5b32320e75d694dd50888bf28c3082c7015d916db94e1f0f2a5e32', '[\"*\"]', '2025-11-18 07:29:07', NULL, '2025-11-18 07:27:11', '2025-11-18 07:29:07'),
(39, 'App\\Models\\Admin', 1, 'admin-token', '156cc9f83f8de049f55546073a2c76fa0c99e455a89183326d68fbbfe32c5553', '[\"*\"]', '2025-11-18 08:09:07', NULL, '2025-11-18 07:28:21', '2025-11-18 08:09:07'),
(40, 'App\\Models\\Admin', 1, 'admin-token', '91c3309330d286217a7fdbe01a30baea84a5f3a2d691de39a6febdccd1efadc6', '[\"*\"]', '2025-11-18 08:05:38', NULL, '2025-11-18 07:49:44', '2025-11-18 08:05:38'),
(41, 'App\\Models\\Patient', 2, 'patient-token', 'a51cf356d5623ac0ccea51bbfb34224fad8a82ce69f6862dbf241501730bc53e', '[\"*\"]', '2025-11-18 08:06:11', NULL, '2025-11-18 08:05:54', '2025-11-18 08:06:11'),
(42, 'App\\Models\\Admin', 1, 'admin-token', 'fc8d368ea7de19b660b7834f312a2e118f800e8f43a98e5b34ceb270b97a9a37', '[\"*\"]', '2025-11-19 06:05:00', NULL, '2025-11-19 05:52:39', '2025-11-19 06:05:00'),
(43, 'App\\Models\\Admin', 1, 'admin-token', '2528b280737deed2d2a0dc23d5dbac082f9237f4eea15e2fc3ed60e317fc3436', '[\"*\"]', '2025-11-19 07:49:23', NULL, '2025-11-19 07:46:47', '2025-11-19 07:49:23'),
(44, 'App\\Models\\Admin', 1, 'admin-token', '7117558b6879460354ee8f87a0974d8f91e2e25f5b6c14b5311c1494ae35dfca', '[\"*\"]', '2025-11-19 09:04:50', NULL, '2025-11-19 07:51:22', '2025-11-19 09:04:50'),
(45, 'App\\Models\\Patient', 67, 'patient-token', '1eacd3a06b7b94ea9d0648ffcaf1a9550cd5b312c8a00451339e58ee5d4e1565', '[\"*\"]', NULL, NULL, '2025-11-19 08:58:33', '2025-11-19 08:58:33'),
(46, 'App\\Models\\Patient', 68, 'patient-token', '8a7d2a671c690d2e910322104624d7c83793b9befaaeb30d46bd91a3a5341d6a', '[\"*\"]', NULL, NULL, '2025-11-19 09:05:15', '2025-11-19 09:05:15'),
(47, 'App\\Models\\Patient', 2, 'patient-token', 'ef170a0033d101f393294c9b0d4751bd5137ca1756df2ec61122020dc09505d8', '[\"*\"]', '2025-11-20 06:50:08', NULL, '2025-11-20 06:47:43', '2025-11-20 06:50:08'),
(48, 'App\\Models\\Patient', 69, 'patient-token', '9d5488369ae9eb290df22dcd7362afa8f746bf9c545ab95ab2416c401718c5b8', '[\"*\"]', '2025-11-20 07:05:28', NULL, '2025-11-20 07:05:25', '2025-11-20 07:05:28'),
(49, 'App\\Models\\Patient', 69, 'patient-token', '8da1617331a34ba13c75988ea6221124368cfa8cdd83bca9eeeeb3d63ac606d7', '[\"*\"]', '2025-11-20 07:29:12', NULL, '2025-11-20 07:28:33', '2025-11-20 07:29:12'),
(50, 'App\\Models\\Patient', 69, 'patient-token', '5065d8e27592c8498a90247d4ced60e6f9d29da9a778a6388fa3d61a587b31dd', '[\"*\"]', '2025-11-20 07:33:45', NULL, '2025-11-20 07:33:24', '2025-11-20 07:33:45'),
(51, 'App\\Models\\Patient', 69, 'patient-token', 'bd94c04e5ce5db5a5fe2866eaa24ee779c9def61356fb658dbef0fe468e16d5a', '[\"*\"]', '2025-11-20 08:07:39', NULL, '2025-11-20 08:06:27', '2025-11-20 08:07:39'),
(52, 'App\\Models\\Patient', 69, 'patient-token', '60433be9ff25561ddcbe64a6975c4cd36be4304e7f3338051f84e9a6f0fdf8b1', '[\"*\"]', '2025-11-20 08:21:39', NULL, '2025-11-20 08:21:35', '2025-11-20 08:21:39'),
(53, 'App\\Models\\Patient', 2, 'patient-token', 'ac662e091b9e6dbafdf8cd7e4bed9393097500f964a1f39eaafdfa67727add78', '[\"*\"]', '2025-11-20 08:42:14', NULL, '2025-11-20 08:40:21', '2025-11-20 08:42:14'),
(54, 'App\\Models\\Patient', 2, 'patient-token', '057f09524c83545e20b07f78f4378f29d17b43f5ca66406ec916829729665c32', '[\"*\"]', '2025-11-20 08:47:45', NULL, '2025-11-20 08:47:41', '2025-11-20 08:47:45'),
(55, 'App\\Models\\Patient', 2, 'patient-token', 'f14cd8a4bb1d6e143170da2062f0e917f1acea3b34832eb352ed446e84f4e5a1', '[\"*\"]', '2025-11-21 05:39:01', NULL, '2025-11-21 05:38:56', '2025-11-21 05:39:01');

-- --------------------------------------------------------

--
-- Table structure for table `services`
--

CREATE TABLE `services` (
  `service_id` bigint(20) UNSIGNED NOT NULL,
  `name` varchar(255) NOT NULL,
  `duration` int(11) NOT NULL,
  `created_at` timestamp NULL DEFAULT NULL,
  `updated_at` timestamp NULL DEFAULT NULL
) ENGINE=InnoDB DEFAULT CHARSET=utf8mb4 COLLATE=utf8mb4_unicode_ci;

--
-- Dumping data for table `services`
--

INSERT INTO `services` (`service_id`, `name`, `duration`, `created_at`, `updated_at`) VALUES
(1, 'Oral Examination / Consultation', 30, '2025-11-14 23:35:05', '2025-11-14 23:35:05'),
(2, 'Dental Cleaning', 45, '2025-11-14 23:35:05', '2025-11-14 23:35:05'),
(3, 'Tooth Extraction', 60, '2025-11-14 23:35:05', '2025-11-14 23:35:05'),
(4, 'Tooth Restoration / Filling', 45, '2025-11-14 23:35:05', '2025-11-14 23:35:05'),
(5, 'Root Canal Treatment', 90, '2025-11-14 23:35:05', '2025-11-14 23:35:05'),
(6, 'Dental X-Ray', 20, '2025-11-14 23:35:05', '2025-11-14 23:35:05'),
(7, 'Orthodontic Consultation', 30, '2025-11-14 23:35:05', '2025-11-14 23:35:05'),
(8, 'Braces Adjustment', 30, '2025-11-14 23:35:05', '2025-11-14 23:35:05'),
(9, 'Dentures', 60, '2025-11-14 23:35:05', '2025-11-14 23:35:05'),
(10, 'Dental Whitening', 45, '2025-11-14 23:35:05', '2025-11-14 23:35:05'),
(11, 'Others', 30, '2025-11-14 23:35:05', '2025-11-14 23:35:05');

-- --------------------------------------------------------

--
-- Table structure for table `sessions`
--

CREATE TABLE `sessions` (
  `id` varchar(255) NOT NULL,
  `user_id` bigint(20) UNSIGNED DEFAULT NULL,
  `ip_address` varchar(45) DEFAULT NULL,
  `user_agent` text DEFAULT NULL,
  `payload` longtext NOT NULL,
  `last_activity` int(11) NOT NULL
) ENGINE=InnoDB DEFAULT CHARSET=utf8mb4 COLLATE=utf8mb4_unicode_ci;

--
-- Dumping data for table `sessions`
--

INSERT INTO `sessions` (`id`, `user_id`, `ip_address`, `user_agent`, `payload`, `last_activity`) VALUES
('5Y9dUIBJv1S6GhvIUIRtyjgnOsmwLkSWr5IftyOI', NULL, '127.0.0.1', 'Mozilla/5.0 (Macintosh; Intel Mac OS X 10_15_7) AppleWebKit/605.1.15 (KHTML, like Gecko) Version/18.5 Safari/605.1.15', 'YTozOntzOjY6Il90b2tlbiI7czo0MDoibE9HUHoyTW1XamFBNWNCcmdLaEpRUGxSV1pMRDZWS0FYSGFlMHA1TCI7czo5OiJfcHJldmlvdXMiO2E6Mjp7czozOiJ1cmwiO3M6MjE6Imh0dHA6Ly8xMjcuMC4wLjE6ODAwMCI7czo1OiJyb3V0ZSI7Tjt9czo2OiJfZmxhc2giO2E6Mjp7czozOiJvbGQiO2E6MDp7fXM6MzoibmV3IjthOjA6e319fQ==', 1763448912),
('ABOIvxFoPRtjhDudSfV5jywXNwomSGX7evHwihdm', NULL, '127.0.0.1', 'Mozilla/5.0 (Windows NT 10.0; Win64; x64) AppleWebKit/537.36 (KHTML, like Gecko) Chrome/142.0.0.0 Safari/537.36', 'YTozOntzOjY6Il90b2tlbiI7czo0MDoiUEp5YWxPbk9GYlJTM1JsZHREY0kzTjFOOENHRlp4bjhiODJzbUNmcCI7czo5OiJfcHJldmlvdXMiO2E6Mjp7czozOiJ1cmwiO3M6MjE6Imh0dHA6Ly8xMjcuMC4wLjE6ODAwMCI7czo1OiJyb3V0ZSI7Tjt9czo2OiJfZmxhc2giO2E6Mjp7czozOiJvbGQiO2E6MDp7fXM6MzoibmV3IjthOjA6e319fQ==', 1763531512),
('arhJckz41EuhTrzCTlumWlhpqP2w6LsECJKMnlhP', NULL, '127.0.0.1', 'Mozilla/5.0 (Windows NT 10.0; Win64; x64) AppleWebKit/537.36 (KHTML, like Gecko) Chrome/142.0.0.0 Safari/537.36', 'YTozOntzOjY6Il90b2tlbiI7czo0MDoiNzh0OXdqeXJVY285VzJwdkY5WnJUWWdEMHZKSXBWS0RHVnJzMW5LdSI7czo5OiJfcHJldmlvdXMiO2E6Mjp7czozOiJ1cmwiO3M6Mzk6Imh0dHA6Ly8xMjcuMC4wLjE6ODAwMC9wYXRpZW50L2Rhc2hib2FyZCI7czo1OiJyb3V0ZSI7czoxNzoicGF0aWVudC5kYXNoYm9hcmQiO31zOjY6Il9mbGFzaCI7YToyOntzOjM6Im9sZCI7YTowOnt9czozOiJuZXciO2E6MDp7fX19', 1763703538),
('cMu0hp897dN55ynBsJB1CyROhioJdGszA5PYdC67', NULL, '127.0.0.1', 'Mozilla/5.0 (Windows NT 10.0; Win64; x64) AppleWebKit/537.36 (KHTML, like Gecko) Chrome/142.0.0.0 Safari/537.36', 'YTozOntzOjY6Il90b2tlbiI7czo0MDoid040NE5acW5VMGgzRmZ6alJWN3BYbTgwaHBXN25GRDBDdXVhR0VUQyI7czo5OiJfcHJldmlvdXMiO2E6Mjp7czozOiJ1cmwiO3M6MjE6Imh0dHA6Ly8xMjcuMC4wLjE6ODAwMCI7czo1OiJyb3V0ZSI7Tjt9czo2OiJfZmxhc2giO2E6Mjp7czozOiJvbGQiO2E6MDp7fXM6MzoibmV3IjthOjA6e319fQ==', 1763448360),
('EY7sMyHWPzhZNnfx3J3zfcLpCi7pf2nnod18xLXp', NULL, '127.0.0.1', 'Mozilla/5.0 (Windows NT 10.0; Win64; x64) AppleWebKit/537.36 (KHTML, like Gecko) Chrome/142.0.0.0 Safari/537.36', 'YTozOntzOjY6Il90b2tlbiI7czo0MDoiR2IzSUVWNEpmRGJ6ZjNXeTJiQXFBclhjZ2I1dm96MkdnSThBWUg3aCI7czo5OiJfcHJldmlvdXMiO2E6Mjp7czozOiJ1cmwiO3M6MjE6Imh0dHA6Ly8xMjcuMC4wLjE6ODAwMCI7czo1OiJyb3V0ZSI7Tjt9czo2OiJfZmxhc2giO2E6Mjp7czozOiJvbGQiO2E6MDp7fXM6MzoibmV3IjthOjA6e319fQ==', 1763538391),
('G6fP7NITvgrczGZItDYjGGTdEqTz5Aurlc5R84ck', NULL, '127.0.0.1', 'Mozilla/5.0 (Windows NT 10.0; Win64; x64) AppleWebKit/537.36 (KHTML, like Gecko) Chrome/142.0.0.0 Safari/537.36', 'YTozOntzOjY6Il90b2tlbiI7czo0MDoiM0xERktMeHAwSW1GdDhyT0JUeG45cTdPY0xzd05GSTNsNFlyZWx6VCI7czo5OiJfcHJldmlvdXMiO2E6Mjp7czozOiJ1cmwiO3M6Mzg6Imh0dHA6Ly8xMjcuMC4wLjE6ODAwMC9wYXRpZW50L3JlZ2lzdGVyIjtzOjU6InJvdXRlIjtzOjE2OiJwYXRpZW50LnJlZ2lzdGVyIjt9czo2OiJfZmxhc2giO2E6Mjp7czozOiJvbGQiO2E6MDp7fXM6MzoibmV3IjthOjA6e319fQ==', 1763541438),
('gb4vHOvtMKUhDKiIZNYTXWc3UdvPpvrgM9D9TTTD', NULL, '127.0.0.1', 'Mozilla/5.0 (Macintosh; Intel Mac OS X 10_15_7) AppleWebKit/605.1.15 (KHTML, like Gecko) Version/18.5 Safari/605.1.15', 'YTozOntzOjY6Il90b2tlbiI7czo0MDoicnphUGhSaTNJa3htNzdLTGZsNFV6YWFxVGJhSDR2WDBHNm02U3FWVCI7czo5OiJfcHJldmlvdXMiO2E6Mjp7czozOiJ1cmwiO3M6MjE6Imh0dHA6Ly8xMjcuMC4wLjE6ODAwMCI7czo1OiJyb3V0ZSI7Tjt9czo2OiJfZmxhc2giO2E6Mjp7czozOiJvbGQiO2E6MDp7fXM6MzoibmV3IjthOjA6e319fQ==', 1763450785),
('kmjaV4G5hGDMxN768srOzitl2hKAgYX3pbxbxb7w', NULL, '127.0.0.1', 'Mozilla/5.0 (Windows NT 10.0; Win64; x64) AppleWebKit/537.36 (KHTML, like Gecko) Chrome/142.0.0.0 Safari/537.36', 'YTozOntzOjY6Il90b2tlbiI7czo0MDoiaW15blJ6NGc5TGdPb3BXVUR3bjJCdGtVRDdOaW5qOUczUTVDNDBBZSI7czo5OiJfcHJldmlvdXMiO2E6Mjp7czozOiJ1cmwiO3M6Mzk6Imh0dHA6Ly8xMjcuMC4wLjE6ODAwMC9wYXRpZW50L2Rhc2hib2FyZCI7czo1OiJyb3V0ZSI7czoxNzoicGF0aWVudC5kYXNoYm9hcmQiO31zOjY6Il9mbGFzaCI7YToyOntzOjM6Im9sZCI7YTowOnt9czozOiJuZXciO2E6MDp7fX19', 1763453156),
('kN7ayT1G9xkPBcbeScBefwwEpm329wd67wXop1bR', NULL, '127.0.0.1', 'Mozilla/5.0 (Windows NT 10.0; Win64; x64) AppleWebKit/537.36 (KHTML, like Gecko) Chrome/142.0.0.0 Safari/537.36', 'YTozOntzOjY6Il90b2tlbiI7czo0MDoiY1BDSVBXVTI3enRoTXlQMkhjeVkzOHMxeW9mOWN3alY3dm5rZ3kzQSI7czo5OiJfcHJldmlvdXMiO2E6Mjp7czozOiJ1cmwiO3M6MjE6Imh0dHA6Ly8xMjcuMC4wLjE6ODAwMCI7czo1OiJyb3V0ZSI7Tjt9czo2OiJfZmxhc2giO2E6Mjp7czozOiJvbGQiO2E6MDp7fXM6MzoibmV3IjthOjA6e319fQ==', 1763531550),
('Lkzpi3orOoeHygeGPpQ4v4JWxeNk2GU5y4Rv02g7', NULL, '127.0.0.1', 'Mozilla/5.0 (Windows NT 10.0; Win64; x64) AppleWebKit/537.36 (KHTML, like Gecko) Chrome/142.0.0.0 Safari/537.36', 'YTozOntzOjY6Il90b2tlbiI7czo0MDoic241SVpvTWh2MXdrcDVvMnhmRURZMGI3Q2VSUlNOOEF5SnpINmZRVCI7czo5OiJfcHJldmlvdXMiO2E6Mjp7czozOiJ1cmwiO3M6MjE6Imh0dHA6Ly8xMjcuMC4wLjE6ODAwMCI7czo1OiJyb3V0ZSI7Tjt9czo2OiJfZmxhc2giO2E6Mjp7czozOiJvbGQiO2E6MDp7fXM6MzoibmV3IjthOjA6e319fQ==', 1763450753),
('oLmsJJH1NWtpzs7xpqZ10o3g1NzIVfG5mhJ5OyG6', NULL, '127.0.0.1', 'Mozilla/5.0 (Windows NT 10.0; Win64; x64) AppleWebKit/537.36 (KHTML, like Gecko) Chrome/142.0.0.0 Safari/537.36', 'YTozOntzOjY6Il90b2tlbiI7czo0MDoicXc3YUkzQ1hNTUxubEkycTc0eVhsSTRocUV2QTNsOXF4TFF6RjNwWCI7czo5OiJfcHJldmlvdXMiO2E6Mjp7czozOiJ1cmwiO3M6MzU6Imh0dHA6Ly8xMjcuMC4wLjE6ODAwMC9wYXRpZW50L2xvZ2luIjtzOjU6InJvdXRlIjtzOjEzOiJwYXRpZW50LmxvZ2luIjt9czo2OiJfZmxhc2giO2E6Mjp7czozOiJvbGQiO2E6MDp7fXM6MzoibmV3IjthOjA6e319fQ==', 1763623627),
('Ow4ZgOt7RqRTjGqZA6BXpfeyDeyMSRw6MTTClv21', NULL, '127.0.0.1', 'Mozilla/5.0 (Windows NT 10.0; Win64; x64) AppleWebKit/537.36 (KHTML, like Gecko) Chrome/142.0.0.0 Safari/537.36', 'YTozOntzOjY6Il90b2tlbiI7czo0MDoiZXdjcnpFbGN6cDIyeE1TQkRDVmJtUzF6UjBGZGU5MnRjbzBJQ3FsbiI7czo5OiJfcHJldmlvdXMiO2E6Mjp7czozOiJ1cmwiO3M6MjE6Imh0dHA6Ly8xMjcuMC4wLjE6ODAwMCI7czo1OiJyb3V0ZSI7Tjt9czo2OiJfZmxhc2giO2E6Mjp7czozOiJvbGQiO2E6MDp7fXM6MzoibmV3IjthOjA6e319fQ==', 1763531535),
('WnufbSA1I6YxRb2WfUjIKjuGisIHG4dpkbi72Cvz', NULL, '127.0.0.1', 'Mozilla/5.0 (Windows NT 10.0; Win64; x64) AppleWebKit/537.36 (KHTML, like Gecko) Chrome/142.0.0.0 Safari/537.36', 'YTozOntzOjY6Il90b2tlbiI7czo0MDoiNWNaV0VrZzhkRUJlWHRQWTdseVhFZDB5cUtsSWNmbThKN3paSlNjSCI7czo5OiJfcHJldmlvdXMiO2E6Mjp7czozOiJ1cmwiO3M6MjE6Imh0dHA6Ly8xMjcuMC4wLjE6ODAwMCI7czo1OiJyb3V0ZSI7Tjt9czo2OiJfZmxhc2giO2E6Mjp7czozOiJvbGQiO2E6MDp7fXM6MzoibmV3IjthOjA6e319fQ==', 1763531140);

-- --------------------------------------------------------

--
-- Table structure for table `users`
--

CREATE TABLE `users` (
  `id` bigint(20) UNSIGNED NOT NULL,
  `name` varchar(255) NOT NULL,
  `email` varchar(255) NOT NULL,
  `email_verified_at` timestamp NULL DEFAULT NULL,
  `password` varchar(255) NOT NULL,
  `remember_token` varchar(100) DEFAULT NULL,
  `created_at` timestamp NULL DEFAULT NULL,
  `updated_at` timestamp NULL DEFAULT NULL
) ENGINE=InnoDB DEFAULT CHARSET=utf8mb4 COLLATE=utf8mb4_unicode_ci;

--
-- Indexes for dumped tables
--

--
-- Indexes for table `admin`
--
ALTER TABLE `admin`
  ADD PRIMARY KEY (`admin_id`),
  ADD UNIQUE KEY `admin_email_unique` (`email`),
  ADD KEY `admin_email_index` (`email`);

--
-- Indexes for table `appointments`
--
ALTER TABLE `appointments`
  ADD PRIMARY KEY (`appointment_id`),
  ADD KEY `appointments_scheduled_date_status_index` (`scheduled_date`,`status`),
  ADD KEY `appointments_patient_id_index` (`patient_id`),
  ADD KEY `idx_appointments_scheduled_date` (`scheduled_date`),
  ADD KEY `idx_appointments_status` (`status`),
  ADD KEY `idx_appointments_patient_id` (`patient_id`),
  ADD KEY `idx_appointments_queue_number` (`queue_number`),
  ADD KEY `idx_appointments_created_at` (`created_at`),
  ADD KEY `idx_appointments_scheduled_date_status` (`scheduled_date`,`status`),
  ADD KEY `idx_appointments_scheduled_date_queue` (`scheduled_date`,`queue_number`),
  ADD KEY `idx_appointments_patient_scheduled` (`patient_id`,`scheduled_date`);

--
-- Indexes for table `appointment_services`
--
ALTER TABLE `appointment_services`
  ADD PRIMARY KEY (`appointment_id`,`service_id`),
  ADD KEY `appointment_services_service_id_foreign` (`service_id`);

--
-- Indexes for table `audit_log`
--
ALTER TABLE `audit_log`
  ADD PRIMARY KEY (`log_id`),
  ADD KEY `audit_log_user_id_index` (`user_id`),
  ADD KEY `audit_log_log_date_index` (`log_date`);

--
-- Indexes for table `cache`
--
ALTER TABLE `cache`
  ADD PRIMARY KEY (`key`);

--
-- Indexes for table `cache_locks`
--
ALTER TABLE `cache_locks`
  ADD PRIMARY KEY (`key`);

--
-- Indexes for table `failed_jobs`
--
ALTER TABLE `failed_jobs`
  ADD PRIMARY KEY (`id`),
  ADD UNIQUE KEY `failed_jobs_uuid_unique` (`uuid`);

--
-- Indexes for table `jobs`
--
ALTER TABLE `jobs`
  ADD PRIMARY KEY (`id`),
  ADD KEY `jobs_queue_index` (`queue`);

--
-- Indexes for table `job_batches`
--
ALTER TABLE `job_batches`
  ADD PRIMARY KEY (`id`);

--
-- Indexes for table `migrations`
--
ALTER TABLE `migrations`
  ADD PRIMARY KEY (`id`);

--
-- Indexes for table `notifications`
--
ALTER TABLE `notifications`
  ADD PRIMARY KEY (`notification_id`),
  ADD KEY `notifications_appointment_id_index` (`appointment_id`),
  ADD KEY `notifications_is_sent_index` (`is_sent`);

--
-- Indexes for table `password_reset_tokens`
--
ALTER TABLE `password_reset_tokens`
  ADD PRIMARY KEY (`email`);

--
-- Indexes for table `patients`
--
ALTER TABLE `patients`
  ADD PRIMARY KEY (`patient_id`),
  ADD UNIQUE KEY `patients_email_unique` (`email`),
  ADD KEY `patients_email_index` (`email`),
  ADD KEY `idx_patients_first_name` (`first_name`),
  ADD KEY `idx_patients_last_name` (`last_name`),
  ADD KEY `idx_patients_email` (`email`),
  ADD KEY `idx_patients_contact_no` (`contact_no`),
  ADD KEY `idx_patients_sex` (`sex`),
  ADD KEY `idx_patients_created_at` (`created_at`),
  ADD KEY `idx_patients_name` (`last_name`,`first_name`);

--
-- Indexes for table `personal_access_tokens`
--
ALTER TABLE `personal_access_tokens`
  ADD PRIMARY KEY (`id`),
  ADD UNIQUE KEY `personal_access_tokens_token_unique` (`token`),
  ADD KEY `personal_access_tokens_tokenable_type_tokenable_id_index` (`tokenable_type`,`tokenable_id`),
  ADD KEY `personal_access_tokens_expires_at_index` (`expires_at`);

--
-- Indexes for table `services`
--
ALTER TABLE `services`
  ADD PRIMARY KEY (`service_id`);

--
-- Indexes for table `sessions`
--
ALTER TABLE `sessions`
  ADD PRIMARY KEY (`id`),
  ADD KEY `sessions_user_id_index` (`user_id`),
  ADD KEY `sessions_last_activity_index` (`last_activity`);

--
-- Indexes for table `users`
--
ALTER TABLE `users`
  ADD PRIMARY KEY (`id`),
  ADD UNIQUE KEY `users_email_unique` (`email`);

--
-- AUTO_INCREMENT for dumped tables
--

--
-- AUTO_INCREMENT for table `admin`
--
ALTER TABLE `admin`
  MODIFY `admin_id` bigint(20) UNSIGNED NOT NULL AUTO_INCREMENT, AUTO_INCREMENT=2;

--
-- AUTO_INCREMENT for table `appointments`
--
ALTER TABLE `appointments`
  MODIFY `appointment_id` bigint(20) UNSIGNED NOT NULL AUTO_INCREMENT, AUTO_INCREMENT=430;

--
-- AUTO_INCREMENT for table `audit_log`
--
ALTER TABLE `audit_log`
  MODIFY `log_id` bigint(20) UNSIGNED NOT NULL AUTO_INCREMENT, AUTO_INCREMENT=90;

--
-- AUTO_INCREMENT for table `failed_jobs`
--
ALTER TABLE `failed_jobs`
  MODIFY `id` bigint(20) UNSIGNED NOT NULL AUTO_INCREMENT;

--
-- AUTO_INCREMENT for table `jobs`
--
ALTER TABLE `jobs`
  MODIFY `id` bigint(20) UNSIGNED NOT NULL AUTO_INCREMENT;

--
-- AUTO_INCREMENT for table `migrations`
--
ALTER TABLE `migrations`
  MODIFY `id` int(10) UNSIGNED NOT NULL AUTO_INCREMENT, AUTO_INCREMENT=12;

--
-- AUTO_INCREMENT for table `notifications`
--
ALTER TABLE `notifications`
  MODIFY `notification_id` bigint(20) UNSIGNED NOT NULL AUTO_INCREMENT, AUTO_INCREMENT=15;

--
-- AUTO_INCREMENT for table `patients`
--
ALTER TABLE `patients`
  MODIFY `patient_id` bigint(20) UNSIGNED NOT NULL AUTO_INCREMENT, AUTO_INCREMENT=70;

--
-- AUTO_INCREMENT for table `personal_access_tokens`
--
ALTER TABLE `personal_access_tokens`
  MODIFY `id` bigint(20) UNSIGNED NOT NULL AUTO_INCREMENT, AUTO_INCREMENT=56;

--
-- AUTO_INCREMENT for table `services`
--
ALTER TABLE `services`
  MODIFY `service_id` bigint(20) UNSIGNED NOT NULL AUTO_INCREMENT, AUTO_INCREMENT=12;

--
-- AUTO_INCREMENT for table `users`
--
ALTER TABLE `users`
  MODIFY `id` bigint(20) UNSIGNED NOT NULL AUTO_INCREMENT;

--
-- Constraints for dumped tables
--

--
-- Constraints for table `appointments`
--
ALTER TABLE `appointments`
  ADD CONSTRAINT `appointments_patient_id_foreign` FOREIGN KEY (`patient_id`) REFERENCES `patients` (`patient_id`) ON DELETE CASCADE;

--
-- Constraints for table `appointment_services`
--
ALTER TABLE `appointment_services`
  ADD CONSTRAINT `appointment_services_appointment_id_foreign` FOREIGN KEY (`appointment_id`) REFERENCES `appointments` (`appointment_id`) ON DELETE CASCADE,
  ADD CONSTRAINT `appointment_services_service_id_foreign` FOREIGN KEY (`service_id`) REFERENCES `services` (`service_id`) ON DELETE CASCADE;

--
-- Constraints for table `notifications`
--
ALTER TABLE `notifications`
  ADD CONSTRAINT `notifications_appointment_id_foreign` FOREIGN KEY (`appointment_id`) REFERENCES `appointments` (`appointment_id`) ON DELETE CASCADE;
COMMIT;

/*!40101 SET CHARACTER_SET_CLIENT=@OLD_CHARACTER_SET_CLIENT */;
/*!40101 SET CHARACTER_SET_RESULTS=@OLD_CHARACTER_SET_RESULTS */;
/*!40101 SET COLLATION_CONNECTION=@OLD_COLLATION_CONNECTION */;
